[1/1447] ANDROID CC build/android/guest/obj/musl/third_party/musl-1.2.5/src/conf/legacy.o
[2/1447] ANDROID CC build/android/guest/obj/musl/third_party/musl-1.2.5/src/ctype/isascii.o
[3/1447] ANDROID CC build/android/guest/obj/musl/third_party/musl-1.2.5/src/ctype/isblank.o
[4/1447] ANDROID CC build/android/guest/obj/musl/third_party/musl-1.2.5/src/ctype/isgraph.o
[5/1447] ANDROID CC build/android/guest/obj/musl/third_party/musl-1.2.5/src/ctype/iswalnum.o
[6/1447] ANDROID CC build/android/guest/obj/musl/third_party/musl-1.2.5/src/ctype/ispunct.o
[7/1447] ANDROID CC build/android/guest/obj/musl/third_party/musl-1.2.5/src/ctype/isspace.o
[8/1447] ANDROID CC build/android/guest/obj/musl/third_party/musl-1.2.5/src/conf/confstr.o
[9/1447] ANDROID CC build/android/guest/obj/musl/third_party/musl-1.2.5/src/ctype/__ctype_b_loc.o
[10/1447] ANDROID CC build/android/guest/obj/musl/third_party/musl-1.2.5/src/ctype/islower.o
[11/1447] ANDROID CC build/android/guest/obj/musl/third_party/musl-1.2.5/src/ctype/__ctype_get_mb_cur_max.o
[12/1447] ANDROID CC build/android/guest/obj/musl/third_party/musl-1.2.5/src/ctype/isupper.o
[13/1447] ANDROID CC build/android/guest/obj/musl/third_party/musl-1.2.5/src/conf/fpathconf.o
[14/1447] ANDROID CC build/android/guest/obj/musl/third_party/musl-1.2.5/src/ctype/__ctype_toupper_loc.o
[15/1447] ANDROID CC build/android/guest/obj/musl/third_party/musl-1.2.5/src/ctype/isdigit.o
[16/1447] ANDROID CC build/android/guest/obj/musl/third_party/musl-1.2.5/src/ctype/isprint.o
[17/1447] ANDROID CC build/android/guest/obj/musl/third_party/musl-1.2.5/src/ctype/isalnum.o
[18/1447] ANDROID CC build/android/guest/obj/musl/third_party/musl-1.2.5/src/ctype/iswalpha.o
[19/1447] ANDROID CC build/android/guest/obj/musl/third_party/musl-1.2.5/src/conf/pathconf.o
[20/1447] ANDROID CC build/android/guest/obj/musl/third_party/musl-1.2.5/src/conf/sysconf.o
[21/1447] ANDROID CC build/android/guest/obj/musl/third_party/musl-1.2.5/src/ctype/iscntrl.o
[22/1447] ANDROID CC build/android/guest/obj/musl/third_party/musl-1.2.5/src/ctype/__ctype_tolower_loc.o
[23/1447] ANDROID CC build/android/guest/obj/musl/third_party/musl-1.2.5/src/ctype/isalpha.o
[24/1447] ANDROID CC build/android/guest/obj/musl/third_party/musl-1.2.5/src/ctype/iswdigit.o
[25/1447] ANDROID CC build/android/guest/obj/musl/third_party/musl-1.2.5/src/ctype/iswcntrl.o
[26/1447] ANDROID CC build/android/guest/obj/musl/third_party/musl-1.2.5/src/ctype/iswgraph.o
[27/1447] ANDROID CC build/android/guest/obj/musl/third_party/musl-1.2.5/src/ctype/iswblank.o
[28/1447] ANDROID CC build/android/guest/obj/musl/third_party/musl-1.2.5/src/ctype/iswspace.o
[29/1447] ANDROID CC build/android/guest/obj/musl/third_party/musl-1.2.5/src/ctype/iswlower.o
[30/1447] ANDROID CC build/android/guest/obj/musl/third_party/musl-1.2.5/src/ctype/tolower.o
[31/1447] ANDROID CC build/android/guest/obj/musl/third_party/musl-1.2.5/src/ctype/iswctype.o
[32/1447] ANDROID CC build/android/guest/obj/musl/third_party/musl-1.2.5/src/ctype/iswprint.o
[33/1447] ANDROID CC build/android/guest/obj/musl/third_party/musl-1.2.5/src/ctype/toascii.o
[34/1447] ANDROID CC build/android/guest/obj/musl/third_party/musl-1.2.5/src/ctype/toupper.o
[35/1447] ANDROID CC build/android/guest/obj/musl/third_party/musl-1.2.5/src/ctype/isxdigit.o
[36/1447] ANDROID CC build/android/guest/obj/musl/third_party/musl-1.2.5/src/ctype/iswpunct.o
[37/1447] ANDROID CC build/android/guest/obj/musl/third_party/musl-1.2.5/src/dirent/dirfd.o
[38/1447] ANDROID CC build/android/guest/obj/musl/third_party/musl-1.2.5/src/ctype/iswupper.o
[39/1447] ANDROID CC build/android/guest/obj/musl/third_party/musl-1.2.5/src/ctype/wctrans.o
[40/1447] ANDROID CC build/android/guest/obj/musl/third_party/musl-1.2.5/src/ctype/iswxdigit.o
[41/1447] ANDROID CC build/android/guest/obj/musl/third_party/musl-1.2.5/src/dirent/alphasort.o
[42/1447] ANDROID CC build/android/guest/obj/musl/third_party/musl-1.2.5/src/ctype/wcwidth.o
[43/1447] ANDROID CC build/android/guest/obj/musl/third_party/musl-1.2.5/src/dirent/opendir.o
[44/1447] ANDROID CC build/android/guest/obj/musl/third_party/musl-1.2.5/src/ctype/wcswidth.o
[45/1447] ANDROID CC build/android/guest/obj/musl/third_party/musl-1.2.5/src/dirent/readdir.o
[46/1447] ANDROID CC build/android/guest/obj/musl/third_party/musl-1.2.5/src/dirent/readdir_r.o
[47/1447] ANDROID CC build/android/guest/obj/musl/third_party/musl-1.2.5/src/dirent/closedir.o
[48/1447] ANDROID CC build/android/guest/obj/musl/third_party/musl-1.2.5/src/dirent/seekdir.o
[49/1447] ANDROID CC build/android/guest/obj/musl/third_party/musl-1.2.5/src/dirent/telldir.o
[50/1447] ANDROID CC build/android/guest/obj/musl/third_party/musl-1.2.5/src/env/clearenv.o
[51/1447] ANDROID CC build/android/guest/obj/musl/third_party/musl-1.2.5/src/env/secure_getenv.o
[52/1447] ANDROID CC build/android/guest/obj/musl/third_party/musl-1.2.5/src/env/__environ.o
[53/1447] ANDROID CC build/android/guest/obj/musl/third_party/musl-1.2.5/src/dirent/versionsort.o
[54/1447] ANDROID CC build/android/guest/obj/musl/third_party/musl-1.2.5/src/dirent/fdopendir.o
[55/1447] ANDROID CC build/android/guest/obj/musl/third_party/musl-1.2.5/src/env/__stack_chk_fail.o
[56/1447] ANDROID CC build/android/guest/obj/musl/third_party/musl-1.2.5/src/ctype/towctrans.o
[57/1447] ANDROID CC build/android/guest/obj/musl/third_party/musl-1.2.5/src/env/unsetenv.o
[58/1447] ANDROID CC build/android/guest/obj/musl/third_party/musl-1.2.5/src/dirent/rewinddir.o
[59/1447] ANDROID CC build/android/guest/obj/musl/third_party/musl-1.2.5/src/exit/abort.o
[60/1447] ANDROID CC build/android/guest/obj/musl/third_party/musl-1.2.5/src/env/putenv.o
[61/1447] ANDROID CC build/android/guest/obj/musl/third_party/musl-1.2.5/src/errno/__errno_location.o
[62/1447] ANDROID CC build/android/guest/obj/musl/third_party/musl-1.2.5/src/exit/_Exit.o
[63/1447] ANDROID CC build/android/guest/obj/musl/third_party/musl-1.2.5/src/errno/strerror.o
[64/1447] ANDROID CC build/android/guest/obj/musl/third_party/musl-1.2.5/src/exit/assert.o
[65/1447] ANDROID CC build/android/guest/obj/musl/third_party/musl-1.2.5/src/env/getenv.o
[66/1447] ANDROID CC build/android/guest/obj/musl/third_party/musl-1.2.5/src/exit/at_quick_exit.o
[67/1447] ANDROID CC build/android/guest/obj/musl/third_party/musl-1.2.5/src/exit/atexit.o
[68/1447] ANDROID CC build/android/guest/obj/musl/third_party/musl-1.2.5/src/fcntl/creat.o
[69/1447] ANDROID CC build/android/guest/obj/musl/third_party/musl-1.2.5/src/env/setenv.o
[70/1447] ANDROID CC build/android/guest/obj/musl/third_party/musl-1.2.5/src/exit/abort_lock.o
[71/1447] ANDROID CC build/android/guest/obj/musl/third_party/musl-1.2.5/src/exit/quick_exit.o
[72/1447] ANDROID CC build/android/guest/obj/musl/third_party/musl-1.2.5/src/dirent/scandir.o
[73/1447] ANDROID CC build/android/guest/obj/musl/third_party/musl-1.2.5/src/exit/exit.o
[74/1447] ANDROID CC build/android/guest/obj/musl/third_party/musl-1.2.5/src/fcntl/open.o
[75/1447] ANDROID CC build/android/guest/obj/musl/third_party/musl-1.2.5/src/fcntl/posix_fadvise.o
[76/1447] ANDROID CC build/android/guest/obj/musl/third_party/musl-1.2.5/src/fcntl/openat.o
[77/1447] ANDROID CC build/android/guest/obj/musl/third_party/musl-1.2.5/src/fcntl/posix_fallocate.o
[78/1447] ANDROID CC build/android/guest/obj/musl/third_party/musl-1.2.5/src/fcntl/fcntl.o
[79/1447] ANDROID CC build/android/guest/obj/musl/third_party/musl-1.2.5/src/internal/emulate_wait4.o
[80/1447] ANDROID CC build/android/guest/obj/musl/third_party/musl-1.2.5/src/internal/syscall_ret.o
[81/1447] ANDROID CC build/android/guest/obj/musl/third_party/musl-1.2.5/src/internal/shgetc.o
[82/1447] ANDROID CC build/android/guest/obj/musl/third_party/musl-1.2.5/src/linux/sysinfo.o
[83/1447] ANDROID CC build/android/guest/obj/musl/third_party/musl-1.2.5/src/internal/defsysinfo.o
[84/1447] ANDROID CC build/android/guest/obj/musl/third_party/musl-1.2.5/src/locale/__lctrans.o
[85/1447] ANDROID CC build/android/guest/obj/musl/third_party/musl-1.2.5/src/internal/procfdname.o
[86/1447] ANDROID CC build/android/guest/obj/musl/third_party/musl-1.2.5/src/internal/version.o
[87/1447] ANDROID CC build/android/guest/obj/musl/third_party/musl-1.2.5/src/locale/__mo_lookup.o
[88/1447] ANDROID CC build/android/guest/obj/musl/third_party/musl-1.2.5/src/internal/intscan.o
[89/1447] ANDROID CC build/android/guest/obj/musl/third_party/musl-1.2.5/src/internal/vdso.o
[90/1447] ANDROID CC build/android/guest/obj/musl/third_party/musl-1.2.5/src/locale/duplocale.o
[91/1447] ANDROID CC build/android/guest/obj/musl/third_party/musl-1.2.5/src/internal/libc.o
[92/1447] ANDROID CC build/android/guest/obj/musl/third_party/musl-1.2.5/src/locale/catclose.o
[93/1447] ANDROID CC build/android/guest/obj/musl/third_party/musl-1.2.5/src/locale/freelocale.o
[94/1447] ANDROID CC build/android/guest/obj/musl/third_party/musl-1.2.5/src/locale/iconv_close.o
[95/1447] ANDROID CC build/android/guest/obj/musl/third_party/musl-1.2.5/src/locale/catgets.o
[96/1447] ANDROID CC build/android/guest/obj/musl/third_party/musl-1.2.5/src/locale/bind_textdomain_codeset.o
[97/1447] ANDROID CC build/android/guest/obj/musl/third_party/musl-1.2.5/src/locale/localeconv.o
[98/1447] ANDROID CC build/android/guest/obj/musl/third_party/musl-1.2.5/src/locale/langinfo.o
[99/1447] ANDROID CC build/android/guest/obj/musl/third_party/musl-1.2.5/src/locale/c_locale.o
[100/1447] ANDROID CC build/android/guest/obj/musl/third_party/musl-1.2.5/src/locale/dcngettext.o
[101/1447] ANDROID CC build/android/guest/obj/musl/third_party/musl-1.2.5/src/locale/strtod_l.o
[102/1447] ANDROID CC build/android/guest/obj/musl/third_party/musl-1.2.5/src/locale/newlocale.o
[103/1447] ANDROID CC build/android/guest/obj/musl/third_party/musl-1.2.5/src/locale/pleval.o
[104/1447] ANDROID CC build/android/guest/obj/musl/third_party/musl-1.2.5/src/locale/textdomain.o
[105/1447] ANDROID CC build/android/guest/obj/musl/third_party/musl-1.2.5/src/locale/strxfrm.o
[106/1447] ANDROID CC build/android/guest/obj/musl/third_party/musl-1.2.5/src/locale/catopen.o
[107/1447] ANDROID CC build/android/guest/obj/musl/third_party/musl-1.2.5/src/locale/setlocale.o
[108/1447] ANDROID CC build/android/guest/obj/musl/third_party/musl-1.2.5/src/locale/strcoll.o
[109/1447] ANDROID CC build/android/guest/obj/musl/third_party/musl-1.2.5/src/malloc/free.o
[110/1447] ANDROID CC build/android/guest/obj/musl/third_party/musl-1.2.5/src/locale/strfmon.o
[111/1447] ANDROID CC build/android/guest/obj/musl/third_party/musl-1.2.5/src/locale/locale_map.o
[112/1447] ANDROID CC build/android/guest/obj/musl/third_party/musl-1.2.5/src/malloc/lite_malloc.o
[113/1447] ANDROID CC build/android/guest/obj/musl/third_party/musl-1.2.5/src/locale/wcscoll.o
[114/1447] ANDROID CC build/android/guest/obj/musl/third_party/musl-1.2.5/src/locale/wcsxfrm.o
[115/1447] ANDROID CC build/android/guest/obj/musl/third_party/musl-1.2.5/src/malloc/memalign.o
[116/1447] ANDROID CC build/android/guest/obj/musl/third_party/musl-1.2.5/src/malloc/mallocng/donate.o
[117/1447] ANDROID CC build/android/guest/obj/musl/third_party/musl-1.2.5/src/malloc/calloc.o
[118/1447] ANDROID CC build/android/guest/obj/musl/third_party/musl-1.2.5/src/malloc/libc_calloc.o
[119/1447] ANDROID CC build/android/guest/obj/musl/third_party/musl-1.2.5/src/malloc/replaced.o
[120/1447] ANDROID CC build/android/guest/obj/musl/third_party/musl-1.2.5/src/malloc/reallocarray.o
[121/1447] ANDROID CC build/android/guest/obj/musl/third_party/musl-1.2.5/src/math/__cosl.o
[122/1447] ANDROID CC build/android/guest/obj/musl/third_party/musl-1.2.5/src/locale/uselocale.o
[123/1447] ANDROID CC build/android/guest/obj/musl/third_party/musl-1.2.5/src/malloc/posix_memalign.o
[124/1447] ANDROID CC build/android/guest/obj/musl/third_party/musl-1.2.5/src/internal/floatscan.o
[125/1447] ANDROID CC build/android/guest/obj/musl/third_party/musl-1.2.5/src/math/__expo2.o
[126/1447] ANDROID CC build/android/guest/obj/musl/third_party/musl-1.2.5/src/malloc/mallocng/realloc.o
[127/1447] ANDROID CC build/android/guest/obj/musl/third_party/musl-1.2.5/src/malloc/realloc.o
[128/1447] ANDROID CC build/android/guest/obj/musl/third_party/musl-1.2.5/src/math/__cosdf.o
[129/1447] ANDROID CC build/android/guest/obj/musl/third_party/musl-1.2.5/src/math/__cos.o
[130/1447] ANDROID CC build/android/guest/obj/musl/third_party/musl-1.2.5/src/malloc/mallocng/malloc_usable_size.o
[131/1447] ANDROID CC build/android/guest/obj/musl/third_party/musl-1.2.5/src/malloc/mallocng/aligned_alloc.o
[132/1447] ANDROID CC build/android/guest/obj/musl/third_party/musl-1.2.5/src/math/__expo2f.o
[133/1447] ANDROID CC build/android/guest/obj/musl/third_party/musl-1.2.5/src/math/__fpclassifyf.o
[134/1447] ANDROID CC build/android/guest/obj/musl/third_party/musl-1.2.5/src/math/__fpclassify.o
[135/1447] ANDROID CC build/android/guest/obj/musl/third_party/musl-1.2.5/src/math/__invtrigl.o
[136/1447] ANDROID CC build/android/guest/obj/musl/third_party/musl-1.2.5/src/math/__fpclassifyl.o
[137/1447] ANDROID CC build/android/guest/obj/musl/third_party/musl-1.2.5/src/math/__math_divzero.o
[138/1447] ANDROID CC build/android/guest/obj/musl/third_party/musl-1.2.5/src/math/__math_divzerof.o
[139/1447] ANDROID CC build/android/guest/obj/musl/third_party/musl-1.2.5/src/math/__math_invalid.o
[140/1447] ANDROID CC build/android/guest/obj/musl/third_party/musl-1.2.5/src/math/__math_oflow.o
[141/1447] ANDROID CC build/android/guest/obj/musl/third_party/musl-1.2.5/src/math/__math_oflowf.o
[142/1447] ANDROID CC build/android/guest/obj/musl/third_party/musl-1.2.5/src/math/__math_invalidf.o
[143/1447] ANDROID CC build/android/guest/obj/musl/third_party/musl-1.2.5/src/math/__polevll.o
[144/1447] ANDROID CC build/android/guest/obj/musl/third_party/musl-1.2.5/src/math/__math_xflowf.o
[145/1447] ANDROID CC build/android/guest/obj/musl/third_party/musl-1.2.5/src/math/__math_uflowf.o
[146/1447] ANDROID CC build/android/guest/obj/musl/third_party/musl-1.2.5/src/math/__rem_pio2f.o
[147/1447] ANDROID CC build/android/guest/obj/musl/third_party/musl-1.2.5/src/math/__math_invalidl.o
[148/1447] ANDROID CC build/android/guest/obj/musl/third_party/musl-1.2.5/src/math/__math_uflow.o
[149/1447] ANDROID CC build/android/guest/obj/musl/third_party/musl-1.2.5/src/math/__math_xflow.o
[150/1447] ANDROID CC build/android/guest/obj/musl/third_party/musl-1.2.5/src/math/__signbitf.o
[151/1447] ANDROID CC build/android/guest/obj/musl/third_party/musl-1.2.5/src/math/__signbitl.o
[152/1447] ANDROID CC build/android/guest/obj/musl/third_party/musl-1.2.5/src/math/__signbit.o
[153/1447] ANDROID CC build/android/guest/obj/musl/third_party/musl-1.2.5/src/math/__sindf.o
[154/1447] ANDROID CC build/android/guest/obj/musl/third_party/musl-1.2.5/src/math/__rem_pio2.o
[155/1447] ANDROID CC build/android/guest/obj/musl/third_party/musl-1.2.5/src/math/__sin.o
[156/1447] ANDROID CC build/android/guest/obj/musl/third_party/musl-1.2.5/src/math/__tandf.o
[157/1447] ANDROID CC build/android/guest/obj/musl/third_party/musl-1.2.5/src/malloc/mallocng/free.o
[158/1447] ANDROID CC build/android/guest/obj/musl/third_party/musl-1.2.5/src/math/__rem_pio2l.o
[159/1447] ANDROID CC build/android/guest/obj/musl/third_party/musl-1.2.5/src/math/acosf.o
[160/1447] ANDROID CC build/android/guest/obj/musl/third_party/musl-1.2.5/src/math/acos.o
[161/1447] ANDROID CC build/android/guest/obj/musl/third_party/musl-1.2.5/src/math/acosh.o
[162/1447] ANDROID CC build/android/guest/obj/musl/third_party/musl-1.2.5/src/math/acoshl.o
[163/1447] ANDROID CC build/android/guest/obj/musl/third_party/musl-1.2.5/src/math/__tanl.o
[164/1447] ANDROID CC build/android/guest/obj/musl/third_party/musl-1.2.5/src/math/__tan.o
[165/1447] ANDROID CC build/android/guest/obj/musl/third_party/musl-1.2.5/src/math/acosl.o
[166/1447] ANDROID CC build/android/guest/obj/musl/third_party/musl-1.2.5/src/malloc/mallocng/malloc.o
[167/1447] ANDROID CC build/android/guest/obj/musl/third_party/musl-1.2.5/src/math/__sinl.o
[168/1447] ANDROID CC build/android/guest/obj/musl/third_party/musl-1.2.5/src/math/acoshf.o
[169/1447] ANDROID CC build/android/guest/obj/musl/third_party/musl-1.2.5/src/math/asinhl.o
[170/1447] ANDROID CC build/android/guest/obj/musl/third_party/musl-1.2.5/src/math/asinh.o
[171/1447] ANDROID CC build/android/guest/obj/musl/third_party/musl-1.2.5/src/math/asinf.o
[172/1447] ANDROID CC build/android/guest/obj/musl/third_party/musl-1.2.5/src/math/atan2l.o
[173/1447] ANDROID CC build/android/guest/obj/musl/third_party/musl-1.2.5/src/math/asinl.o
[174/1447] ANDROID CC build/android/guest/obj/musl/third_party/musl-1.2.5/src/math/asinhf.o
[175/1447] ANDROID CC build/android/guest/obj/musl/third_party/musl-1.2.5/src/math/asin.o
[176/1447] ANDROID CC build/android/guest/obj/musl/third_party/musl-1.2.5/src/math/atanhl.o
[177/1447] ANDROID CC build/android/guest/obj/musl/third_party/musl-1.2.5/src/math/atan.o
[178/1447] ANDROID CC build/android/guest/obj/musl/third_party/musl-1.2.5/src/math/atanl.o
[179/1447] ANDROID CC build/android/guest/obj/musl/third_party/musl-1.2.5/src/math/atanhf.o
[180/1447] ANDROID CC build/android/guest/obj/musl/third_party/musl-1.2.5/src/math/atanf.o
[181/1447] ANDROID CC build/android/guest/obj/musl/third_party/musl-1.2.5/src/math/atanh.o
[182/1447] ANDROID CC build/android/guest/obj/musl/third_party/musl-1.2.5/src/math/ceil.o
[183/1447] ANDROID CC build/android/guest/obj/musl/third_party/musl-1.2.5/src/math/__rem_pio2_large.o
[184/1447] ANDROID CC build/android/guest/obj/musl/third_party/musl-1.2.5/src/math/atan2.o
[185/1447] ANDROID CC build/android/guest/obj/musl/third_party/musl-1.2.5/src/math/cbrt.o
[186/1447] ANDROID CC build/android/guest/obj/musl/third_party/musl-1.2.5/src/math/cbrtl.o
[187/1447] ANDROID CC build/android/guest/obj/musl/third_party/musl-1.2.5/src/math/atan2f.o
[188/1447] ANDROID CC build/android/guest/obj/musl/third_party/musl-1.2.5/src/math/ceilf.o
[189/1447] ANDROID CC build/android/guest/obj/musl/third_party/musl-1.2.5/src/math/cbrtf.o
[190/1447] ANDROID CC build/android/guest/obj/musl/third_party/musl-1.2.5/src/math/ceill.o
[191/1447] ANDROID CC build/android/guest/obj/musl/third_party/musl-1.2.5/src/math/copysign.o
[192/1447] ANDROID CC build/android/guest/obj/musl/third_party/musl-1.2.5/src/math/copysignl.o
[193/1447] ANDROID CC build/android/guest/obj/musl/third_party/musl-1.2.5/src/math/cosl.o
[194/1447] ANDROID CC build/android/guest/obj/musl/third_party/musl-1.2.5/src/math/copysignf.o
[195/1447] ANDROID CC build/android/guest/obj/musl/third_party/musl-1.2.5/src/math/cosh.o
[196/1447] ANDROID CC build/android/guest/obj/musl/third_party/musl-1.2.5/src/math/coshl.o
[197/1447] ANDROID CC build/android/guest/obj/musl/third_party/musl-1.2.5/src/math/exp2f_data.o
[198/1447] ANDROID CC build/android/guest/obj/musl/third_party/musl-1.2.5/src/math/exp10.o
[199/1447] ANDROID CC build/android/guest/obj/musl/third_party/musl-1.2.5/src/math/erff.o
[200/1447] ANDROID CC build/android/guest/obj/musl/third_party/musl-1.2.5/src/math/exp2l.o
[201/1447] ANDROID CC build/android/guest/obj/musl/third_party/musl-1.2.5/src/math/cos.o
[202/1447] ANDROID CC build/android/guest/obj/musl/third_party/musl-1.2.5/src/math/exp2f.o
[203/1447] ANDROID CC build/android/guest/obj/musl/third_party/musl-1.2.5/src/math/erf.o
[204/1447] ANDROID CC build/android/guest/obj/musl/third_party/musl-1.2.5/src/math/erfl.o
[205/1447] ANDROID CC build/android/guest/obj/musl/third_party/musl-1.2.5/src/math/cosf.o
[206/1447] ANDROID CC build/android/guest/obj/musl/third_party/musl-1.2.5/src/math/exp.o
[207/1447] ANDROID CC build/android/guest/obj/musl/third_party/musl-1.2.5/src/math/exp10l.o
[208/1447] ANDROID CC build/android/guest/obj/musl/third_party/musl-1.2.5/src/math/coshf.o
[209/1447] ANDROID CC build/android/guest/obj/musl/third_party/musl-1.2.5/src/math/exp_data.o
[210/1447] ANDROID CC build/android/guest/obj/musl/third_party/musl-1.2.5/src/math/expl.o
[211/1447] ANDROID CC build/android/guest/obj/musl/third_party/musl-1.2.5/src/math/exp10f.o
[212/1447] ANDROID CC build/android/guest/obj/musl/third_party/musl-1.2.5/src/math/fabs.o
[213/1447] ANDROID CC build/android/guest/obj/musl/third_party/musl-1.2.5/src/math/expm1.o
[214/1447] ANDROID CC build/android/guest/obj/musl/third_party/musl-1.2.5/src/math/expf.o
[215/1447] ANDROID CC build/android/guest/obj/musl/third_party/musl-1.2.5/src/math/fabsf.o
[216/1447] ANDROID CC build/android/guest/obj/musl/third_party/musl-1.2.5/src/math/expm1l.o
[217/1447] ANDROID CC build/android/guest/obj/musl/third_party/musl-1.2.5/src/math/exp2.o
[218/1447] ANDROID CC build/android/guest/obj/musl/third_party/musl-1.2.5/src/math/fdim.o
[219/1447] ANDROID CC build/android/guest/obj/musl/third_party/musl-1.2.5/src/math/fdimf.o
[220/1447] ANDROID CC build/android/guest/obj/musl/third_party/musl-1.2.5/src/math/fabsl.o
[221/1447] ANDROID CC build/android/guest/obj/musl/third_party/musl-1.2.5/src/math/fdiml.o
[222/1447] ANDROID CC build/android/guest/obj/musl/third_party/musl-1.2.5/src/math/expm1f.o
[223/1447] ANDROID CC build/android/guest/obj/musl/third_party/musl-1.2.5/src/math/finite.o
[224/1447] ANDROID CC build/android/guest/obj/musl/third_party/musl-1.2.5/src/math/fmal.o
[225/1447] ANDROID CC build/android/guest/obj/musl/third_party/musl-1.2.5/src/math/floorf.o
[226/1447] ANDROID CC build/android/guest/obj/musl/third_party/musl-1.2.5/src/math/fmaxf.o
[227/1447] ANDROID CC build/android/guest/obj/musl/third_party/musl-1.2.5/src/math/fminl.o
[228/1447] ANDROID CC build/android/guest/obj/musl/third_party/musl-1.2.5/src/math/fmax.o
[229/1447] ANDROID CC build/android/guest/obj/musl/third_party/musl-1.2.5/src/math/floorl.o
[230/1447] ANDROID CC build/android/guest/obj/musl/third_party/musl-1.2.5/src/math/fma.o
[231/1447] ANDROID CC build/android/guest/obj/musl/third_party/musl-1.2.5/src/math/floor.o
[232/1447] ANDROID CC build/android/guest/obj/musl/third_party/musl-1.2.5/src/math/fmin.o
[233/1447] ANDROID CC build/android/guest/obj/musl/third_party/musl-1.2.5/src/math/fminf.o
[234/1447] ANDROID CC build/android/guest/obj/musl/third_party/musl-1.2.5/src/math/frexpl.o
[235/1447] ANDROID CC build/android/guest/obj/musl/third_party/musl-1.2.5/src/math/fmaf.o
[236/1447] ANDROID CC build/android/guest/obj/musl/third_party/musl-1.2.5/src/math/frexpf.o
[237/1447] ANDROID CC build/android/guest/obj/musl/third_party/musl-1.2.5/src/math/fmodf.o
[238/1447] ANDROID CC build/android/guest/obj/musl/third_party/musl-1.2.5/src/math/finitef.o
[239/1447] ANDROID CC build/android/guest/obj/musl/third_party/musl-1.2.5/src/math/fmodl.o
[240/1447] ANDROID CC build/android/guest/obj/musl/third_party/musl-1.2.5/src/math/frexp.o
[241/1447] ANDROID CC build/android/guest/obj/musl/third_party/musl-1.2.5/src/math/fmaxl.o
[242/1447] ANDROID CC build/android/guest/obj/musl/third_party/musl-1.2.5/src/math/ilogb.o
[243/1447] ANDROID CC build/android/guest/obj/musl/third_party/musl-1.2.5/src/math/fmod.o
[244/1447] ANDROID CC build/android/guest/obj/musl/third_party/musl-1.2.5/src/math/hypotf.o
[245/1447] ANDROID CC build/android/guest/obj/musl/third_party/musl-1.2.5/src/math/ilogbf.o
[246/1447] ANDROID CC build/android/guest/obj/musl/third_party/musl-1.2.5/src/math/ilogbl.o
[247/1447] ANDROID CC build/android/guest/obj/musl/third_party/musl-1.2.5/src/math/hypot.o
[248/1447] ANDROID CC build/android/guest/obj/musl/third_party/musl-1.2.5/src/math/ldexpf.o
[249/1447] ANDROID CC build/android/guest/obj/musl/third_party/musl-1.2.5/src/math/ldexpl.o
[250/1447] ANDROID CC build/android/guest/obj/musl/third_party/musl-1.2.5/src/math/ldexp.o
[251/1447] ANDROID CC build/android/guest/obj/musl/third_party/musl-1.2.5/src/math/hypotl.o
[252/1447] ANDROID CC build/android/guest/obj/musl/third_party/musl-1.2.5/src/math/lgamma.o
[253/1447] ANDROID CC build/android/guest/obj/musl/third_party/musl-1.2.5/src/math/jnf.o
[254/1447] ANDROID CC build/android/guest/obj/musl/third_party/musl-1.2.5/src/math/j1.o
[255/1447] ANDROID CC build/android/guest/obj/musl/third_party/musl-1.2.5/src/math/llroundf.o
[256/1447] ANDROID CC build/android/guest/obj/musl/third_party/musl-1.2.5/src/math/j0.o
[257/1447] ANDROID CC build/android/guest/obj/musl/third_party/musl-1.2.5/src/math/lgammaf.o
[258/1447] ANDROID CC build/android/guest/obj/musl/third_party/musl-1.2.5/src/math/llrint.o
[259/1447] ANDROID CC build/android/guest/obj/musl/third_party/musl-1.2.5/src/math/llrintl.o
[260/1447] ANDROID CC build/android/guest/obj/musl/third_party/musl-1.2.5/src/math/j0f.o
[261/1447] ANDROID CC build/android/guest/obj/musl/third_party/musl-1.2.5/src/math/lgammal.o
[262/1447] ANDROID CC build/android/guest/obj/musl/third_party/musl-1.2.5/src/math/llround.o
[263/1447] ANDROID CC build/android/guest/obj/musl/third_party/musl-1.2.5/src/math/jn.o
[264/1447] ANDROID CC build/android/guest/obj/musl/third_party/musl-1.2.5/src/math/log10.o
[265/1447] ANDROID CC build/android/guest/obj/musl/third_party/musl-1.2.5/src/math/log10f.o
[266/1447] ANDROID CC build/android/guest/obj/musl/third_party/musl-1.2.5/src/math/llroundl.o
[267/1447] ANDROID CC build/android/guest/obj/musl/third_party/musl-1.2.5/src/math/log10l.o
[268/1447] ANDROID CC build/android/guest/obj/musl/third_party/musl-1.2.5/src/math/j1f.o
[269/1447] ANDROID CC build/android/guest/obj/musl/third_party/musl-1.2.5/src/math/llrintf.o
[270/1447] ANDROID CC build/android/guest/obj/musl/third_party/musl-1.2.5/src/math/lgamma_r.o
[271/1447] ANDROID CC build/android/guest/obj/musl/third_party/musl-1.2.5/src/math/lgammaf_r.o
[272/1447] ANDROID CC build/android/guest/obj/musl/third_party/musl-1.2.5/src/math/log1pf.o
[273/1447] ANDROID CC build/android/guest/obj/musl/third_party/musl-1.2.5/src/math/log1p.o
[274/1447] ANDROID CC build/android/guest/obj/musl/third_party/musl-1.2.5/src/math/log1pl.o
[275/1447] ANDROID CC build/android/guest/obj/musl/third_party/musl-1.2.5/src/math/log2f.o
[276/1447] ANDROID CC build/android/guest/obj/musl/third_party/musl-1.2.5/src/math/log2f_data.o
[277/1447] ANDROID CC build/android/guest/obj/musl/third_party/musl-1.2.5/src/math/log.o
[278/1447] ANDROID CC build/android/guest/obj/musl/third_party/musl-1.2.5/src/math/log2_data.o
[279/1447] ANDROID CC build/android/guest/obj/musl/third_party/musl-1.2.5/src/math/log2l.o
[280/1447] ANDROID CC build/android/guest/obj/musl/third_party/musl-1.2.5/src/math/logbf.o
[281/1447] ANDROID CC build/android/guest/obj/musl/third_party/musl-1.2.5/src/math/log_data.o
[282/1447] ANDROID CC build/android/guest/obj/musl/third_party/musl-1.2.5/src/math/lrint.o
[283/1447] ANDROID CC build/android/guest/obj/musl/third_party/musl-1.2.5/src/math/logf_data.o
[284/1447] ANDROID CC build/android/guest/obj/musl/third_party/musl-1.2.5/src/math/logl.o
[285/1447] ANDROID CC build/android/guest/obj/musl/third_party/musl-1.2.5/src/math/log2.o
[286/1447] ANDROID CC build/android/guest/obj/musl/third_party/musl-1.2.5/src/math/logf.o
[287/1447] ANDROID CC build/android/guest/obj/musl/third_party/musl-1.2.5/src/math/lround.o
[288/1447] ANDROID CC build/android/guest/obj/musl/third_party/musl-1.2.5/src/math/logbl.o
[289/1447] ANDROID CC build/android/guest/obj/musl/third_party/musl-1.2.5/src/math/lrintf.o
[290/1447] ANDROID CC build/android/guest/obj/musl/third_party/musl-1.2.5/src/math/logb.o
[291/1447] ANDROID CC build/android/guest/obj/musl/third_party/musl-1.2.5/src/math/modfl.o
[292/1447] ANDROID CC build/android/guest/obj/musl/third_party/musl-1.2.5/src/math/nanf.o
[293/1447] ANDROID CC build/android/guest/obj/musl/third_party/musl-1.2.5/src/math/lrintl.o
[294/1447] ANDROID CC build/android/guest/obj/musl/third_party/musl-1.2.5/src/math/lroundl.o
[295/1447] ANDROID CC build/android/guest/obj/musl/third_party/musl-1.2.5/src/math/nearbyint.o
[296/1447] ANDROID CC build/android/guest/obj/musl/third_party/musl-1.2.5/src/math/nanl.o
[297/1447] ANDROID CC build/android/guest/obj/musl/third_party/musl-1.2.5/src/math/nexttowardl.o
[298/1447] ANDROID CC build/android/guest/obj/musl/third_party/musl-1.2.5/src/math/lroundf.o
[299/1447] ANDROID CC build/android/guest/obj/musl/third_party/musl-1.2.5/src/math/nextafterl.o
[300/1447] ANDROID CC build/android/guest/obj/musl/third_party/musl-1.2.5/src/math/nexttoward.o
[301/1447] ANDROID CC build/android/guest/obj/musl/third_party/musl-1.2.5/src/math/nan.o
[302/1447] ANDROID CC build/android/guest/obj/musl/third_party/musl-1.2.5/src/math/nearbyintl.o
[303/1447] ANDROID CC build/android/guest/obj/musl/third_party/musl-1.2.5/src/math/nextafterf.o
[304/1447] ANDROID CC build/android/guest/obj/musl/third_party/musl-1.2.5/src/math/nexttowardf.o
[305/1447] ANDROID CC build/android/guest/obj/musl/third_party/musl-1.2.5/src/math/nextafter.o
[306/1447] ANDROID CC build/android/guest/obj/musl/third_party/musl-1.2.5/src/math/nearbyintf.o
[307/1447] ANDROID CC build/android/guest/obj/musl/third_party/musl-1.2.5/src/math/pow.o
[308/1447] ANDROID CC build/android/guest/obj/musl/third_party/musl-1.2.5/src/math/powf_data.o
[309/1447] ANDROID CC build/android/guest/obj/musl/third_party/musl-1.2.5/src/math/remainderl.o
[310/1447] ANDROID CC build/android/guest/obj/musl/third_party/musl-1.2.5/src/math/pow_data.o
[311/1447] ANDROID CC build/android/guest/obj/musl/third_party/musl-1.2.5/src/math/powf.o
[312/1447] ANDROID CC build/android/guest/obj/musl/third_party/musl-1.2.5/src/math/modf.o
[313/1447] ANDROID CC build/android/guest/obj/musl/third_party/musl-1.2.5/src/math/remainderf.o
[314/1447] ANDROID CC build/android/guest/obj/musl/third_party/musl-1.2.5/src/math/modff.o
[315/1447] ANDROID CC build/android/guest/obj/musl/third_party/musl-1.2.5/src/math/remquol.o
[316/1447] ANDROID CC build/android/guest/obj/musl/third_party/musl-1.2.5/src/math/remainder.o
[317/1447] ANDROID CC build/android/guest/obj/musl/third_party/musl-1.2.5/src/math/round.o
[318/1447] ANDROID CC build/android/guest/obj/musl/third_party/musl-1.2.5/src/math/rint.o
[319/1447] ANDROID CC build/android/guest/obj/musl/third_party/musl-1.2.5/src/math/roundl.o
[320/1447] ANDROID CC build/android/guest/obj/musl/third_party/musl-1.2.5/src/math/rintf.o
[321/1447] ANDROID CC build/android/guest/obj/musl/third_party/musl-1.2.5/src/math/remquo.o
[322/1447] ANDROID CC build/android/guest/obj/musl/third_party/musl-1.2.5/src/math/powl.o
[323/1447] ANDROID CC build/android/guest/obj/musl/third_party/musl-1.2.5/src/math/roundf.o
[324/1447] ANDROID CC build/android/guest/obj/musl/third_party/musl-1.2.5/src/math/scalblnl.o
[325/1447] ANDROID CC build/android/guest/obj/musl/third_party/musl-1.2.5/src/math/scalbln.o
[326/1447] ANDROID CC build/android/guest/obj/musl/third_party/musl-1.2.5/src/math/scalb.o
[327/1447] ANDROID CC build/android/guest/obj/musl/third_party/musl-1.2.5/src/math/scalbnf.o
[328/1447] ANDROID CC build/android/guest/obj/musl/third_party/musl-1.2.5/src/math/signgam.o
[329/1447] ANDROID CC build/android/guest/obj/musl/third_party/musl-1.2.5/src/math/scalbnl.o
[330/1447] ANDROID CC build/android/guest/obj/musl/third_party/musl-1.2.5/src/math/scalbf.o
[331/1447] ANDROID CC build/android/guest/obj/musl/third_party/musl-1.2.5/src/math/remquof.o
[332/1447] ANDROID CC build/android/guest/obj/musl/third_party/musl-1.2.5/src/math/rintl.o
[333/1447] ANDROID CC build/android/guest/obj/musl/third_party/musl-1.2.5/src/math/significandf.o
[334/1447] ANDROID CC build/android/guest/obj/musl/third_party/musl-1.2.5/src/math/sincos.o
[335/1447] ANDROID CC build/android/guest/obj/musl/third_party/musl-1.2.5/src/math/sincosl.o
[336/1447] ANDROID CC build/android/guest/obj/musl/third_party/musl-1.2.5/src/math/sinf.o
[337/1447] ANDROID CC build/android/guest/obj/musl/third_party/musl-1.2.5/src/math/scalblnf.o
[338/1447] ANDROID CC build/android/guest/obj/musl/third_party/musl-1.2.5/src/math/scalbn.o
[339/1447] ANDROID CC build/android/guest/obj/musl/third_party/musl-1.2.5/src/math/sin.o
[340/1447] ANDROID CC build/android/guest/obj/musl/third_party/musl-1.2.5/src/math/sinh.o
[341/1447] ANDROID CC build/android/guest/obj/musl/third_party/musl-1.2.5/src/math/sinhf.o
[342/1447] ANDROID CC build/android/guest/obj/musl/third_party/musl-1.2.5/src/math/sinhl.o
[343/1447] ANDROID CC build/android/guest/obj/musl/third_party/musl-1.2.5/src/math/sqrtf.o
[344/1447] ANDROID CC build/android/guest/obj/musl/third_party/musl-1.2.5/src/math/sqrt_data.o
[345/1447] ANDROID CC build/android/guest/obj/musl/third_party/musl-1.2.5/src/math/sincosf.o
[346/1447] ANDROID CC build/android/guest/obj/musl/third_party/musl-1.2.5/src/math/tanhf.o
[347/1447] ANDROID CC build/android/guest/obj/musl/third_party/musl-1.2.5/src/math/sqrtl.o
[348/1447] ANDROID CC build/android/guest/obj/musl/third_party/musl-1.2.5/src/math/tanl.o
[349/1447] ANDROID CC build/android/guest/obj/musl/third_party/musl-1.2.5/src/math/sqrt.o
[350/1447] ANDROID CC build/android/guest/obj/musl/third_party/musl-1.2.5/src/math/tanh.o
[351/1447] ANDROID CC build/android/guest/obj/musl/third_party/musl-1.2.5/src/math/tan.o
[352/1447] ANDROID CC build/android/guest/obj/musl/third_party/musl-1.2.5/src/math/tanhl.o
[353/1447] ANDROID CC build/android/guest/obj/musl/third_party/musl-1.2.5/src/math/significand.o
[354/1447] ANDROID CC build/android/guest/obj/musl/third_party/musl-1.2.5/src/math/sinl.o
[355/1447] ANDROID CC build/android/guest/obj/musl/third_party/musl-1.2.5/src/math/tanf.o
[356/1447] ANDROID CC build/android/guest/obj/musl/third_party/musl-1.2.5/src/math/truncf.o
[357/1447] ANDROID CC build/android/guest/obj/musl/third_party/musl-1.2.5/src/math/tgammal.o
[358/1447] ANDROID CC build/android/guest/obj/musl/third_party/musl-1.2.5/src/misc/basename.o
[359/1447] ANDROID CC build/android/guest/obj/musl/third_party/musl-1.2.5/src/misc/dirname.o
[360/1447] ANDROID CC build/android/guest/obj/musl/third_party/musl-1.2.5/src/math/truncl.o
[361/1447] ANDROID CC build/android/guest/obj/musl/third_party/musl-1.2.5/src/math/trunc.o
[362/1447] ANDROID CC build/android/guest/obj/musl/third_party/musl-1.2.5/src/math/tgammaf.o
[363/1447] ANDROID CC build/android/guest/obj/musl/third_party/musl-1.2.5/src/misc/getauxval.o
[364/1447] ANDROID CC build/android/guest/obj/musl/third_party/musl-1.2.5/src/mman/madvise.o
[365/1447] ANDROID CC build/android/guest/obj/musl/third_party/musl-1.2.5/src/misc/syscall.o
[366/1447] ANDROID CC build/android/guest/obj/musl/third_party/musl-1.2.5/src/mman/mlockall.o
[367/1447] ANDROID CC build/android/guest/obj/musl/third_party/musl-1.2.5/src/mman/mlock.o
[368/1447] ANDROID CC build/android/guest/obj/musl/third_party/musl-1.2.5/src/mman/msync.o
[369/1447] ANDROID CC build/android/guest/obj/musl/third_party/musl-1.2.5/src/mman/mincore.o
[370/1447] ANDROID CC build/android/guest/obj/musl/third_party/musl-1.2.5/src/mman/mprotect.o
[371/1447] ANDROID CC build/android/guest/obj/musl/third_party/musl-1.2.5/src/math/tgamma.o
[372/1447] ANDROID CC build/android/guest/obj/musl/third_party/musl-1.2.5/src/misc/getrlimit.o
[373/1447] ANDROID CC build/android/guest/obj/musl/third_party/musl-1.2.5/src/mman/posix_madvise.o
[374/1447] ANDROID CC build/android/guest/obj/musl/third_party/musl-1.2.5/src/misc/uname.o
[375/1447] ANDROID CC build/android/guest/obj/musl/third_party/musl-1.2.5/src/mman/mremap.o
[376/1447] ANDROID CC build/android/guest/obj/musl/third_party/musl-1.2.5/src/mman/munlockall.o
[377/1447] ANDROID CC build/android/guest/obj/musl/third_party/musl-1.2.5/src/mman/munmap.o
[378/1447] ANDROID CC build/android/guest/obj/musl/third_party/musl-1.2.5/src/mman/munlock.o
[379/1447] ANDROID CC build/android/guest/obj/musl/third_party/musl-1.2.5/src/multibyte/c32rtomb.o
[380/1447] ANDROID CC build/android/guest/obj/musl/third_party/musl-1.2.5/src/multibyte/c16rtomb.o
[381/1447] ANDROID CC build/android/guest/obj/musl/third_party/musl-1.2.5/src/misc/ioctl.o
[382/1447] ANDROID CC build/android/guest/obj/musl/third_party/musl-1.2.5/src/mman/mmap.o
[383/1447] ANDROID CC build/android/guest/obj/musl/third_party/musl-1.2.5/src/misc/realpath.o
[384/1447] ANDROID CC build/android/guest/obj/musl/third_party/musl-1.2.5/src/multibyte/mbrlen.o
[385/1447] ANDROID CC build/android/guest/obj/musl/third_party/musl-1.2.5/src/mman/shm_open.o
[386/1447] ANDROID CC build/android/guest/obj/musl/third_party/musl-1.2.5/src/multibyte/mbrtoc16.o
[387/1447] ANDROID CC build/android/guest/obj/musl/third_party/musl-1.2.5/src/multibyte/mbsinit.o
[388/1447] ANDROID CC build/android/guest/obj/musl/third_party/musl-1.2.5/src/multibyte/mblen.o
[389/1447] ANDROID CC build/android/guest/obj/musl/third_party/musl-1.2.5/src/multibyte/internal.o
[390/1447] ANDROID CC build/android/guest/obj/musl/third_party/musl-1.2.5/src/multibyte/mbrtoc32.o
[391/1447] ANDROID CC build/android/guest/obj/musl/third_party/musl-1.2.5/src/multibyte/mbsnrtowcs.o
[392/1447] ANDROID CC build/android/guest/obj/musl/third_party/musl-1.2.5/src/multibyte/btowc.o
[393/1447] ANDROID CC build/android/guest/obj/musl/third_party/musl-1.2.5/src/multibyte/mbstowcs.o
[394/1447] ANDROID CC build/android/guest/obj/musl/third_party/musl-1.2.5/src/multibyte/wcsnrtombs.o
[395/1447] ANDROID CC build/android/guest/obj/musl/third_party/musl-1.2.5/src/multibyte/wctomb.o
[396/1447] ANDROID CC build/android/guest/obj/musl/third_party/musl-1.2.5/src/network/htons.o
[397/1447] ANDROID CC build/android/guest/obj/musl/third_party/musl-1.2.5/src/multibyte/mbsrtowcs.o
[398/1447] ANDROID CC build/android/guest/obj/musl/third_party/musl-1.2.5/src/multibyte/mbtowc.o
[399/1447] ANDROID CC build/android/guest/obj/musl/third_party/musl-1.2.5/src/multibyte/wcrtomb.o
[400/1447] ANDROID CC build/android/guest/obj/musl/third_party/musl-1.2.5/src/network/inet_addr.o
[401/1447] ANDROID CC build/android/guest/obj/musl/third_party/musl-1.2.5/src/network/inet_aton.o
[402/1447] ANDROID CC build/android/guest/obj/musl/third_party/musl-1.2.5/src/network/inet_ntoa.o
[403/1447] ANDROID CC build/android/guest/obj/musl/third_party/musl-1.2.5/src/multibyte/wcstombs.o
[404/1447] ANDROID CC build/android/guest/obj/musl/third_party/musl-1.2.5/src/multibyte/wcsrtombs.o
[405/1447] ANDROID CC build/android/guest/obj/musl/third_party/musl-1.2.5/src/network/ntohl.o
[406/1447] ANDROID CC build/android/guest/obj/musl/third_party/musl-1.2.5/src/network/htonl.o
[407/1447] ANDROID CC build/android/guest/obj/musl/third_party/musl-1.2.5/src/multibyte/mbrtowc.o
[408/1447] ANDROID CC build/android/guest/obj/musl/third_party/musl-1.2.5/src/multibyte/wctob.o
[409/1447] ANDROID CC build/android/guest/obj/musl/third_party/musl-1.2.5/src/prng/__rand48_step.o
[410/1447] ANDROID CC build/android/guest/obj/musl/third_party/musl-1.2.5/src/prng/drand48.o
[411/1447] ANDROID CC build/android/guest/obj/musl/third_party/musl-1.2.5/src/prng/__seed48.o
[412/1447] ANDROID CC build/android/guest/obj/musl/third_party/musl-1.2.5/src/network/ntohs.o
[413/1447] ANDROID CC build/android/guest/obj/musl/third_party/musl-1.2.5/src/network/inet_ntop.o
[414/1447] ANDROID CC build/android/guest/obj/musl/third_party/musl-1.2.5/src/prng/lcong48.o
[415/1447] ANDROID CC build/android/guest/obj/musl/third_party/musl-1.2.5/src/network/inet_pton.o
[416/1447] ANDROID CC build/android/guest/obj/musl/third_party/musl-1.2.5/src/prng/lrand48.o
[417/1447] ANDROID CC build/android/guest/obj/musl/third_party/musl-1.2.5/src/prng/rand.o
[418/1447] ANDROID CC build/android/guest/obj/musl/third_party/musl-1.2.5/src/prng/srand48.o
[419/1447] ANDROID CC build/android/guest/obj/musl/third_party/musl-1.2.5/src/sched/sched_getcpu.o
[420/1447] ANDROID CC build/android/guest/obj/musl/third_party/musl-1.2.5/src/prng/rand_r.o
[421/1447] ANDROID CC build/android/guest/obj/musl/third_party/musl-1.2.5/src/sched/sched_getparam.o
[422/1447] ANDROID CC build/android/guest/obj/musl/third_party/musl-1.2.5/src/sched/sched_getscheduler.o
[423/1447] ANDROID CC build/android/guest/obj/musl/third_party/musl-1.2.5/src/sched/sched_get_priority_max.o
[424/1447] ANDROID CC build/android/guest/obj/musl/third_party/musl-1.2.5/src/prng/seed48.o
[425/1447] ANDROID CC build/android/guest/obj/musl/third_party/musl-1.2.5/src/prng/mrand48.o
[426/1447] ANDROID CC build/android/guest/obj/musl/third_party/musl-1.2.5/src/sched/sched_setscheduler.o
[427/1447] ANDROID CC build/android/guest/obj/musl/third_party/musl-1.2.5/src/sched/sched_rr_get_interval.o
[428/1447] ANDROID CC build/android/guest/obj/musl/third_party/musl-1.2.5/src/sched/affinity.o
[429/1447] ANDROID CC build/android/guest/obj/musl/third_party/musl-1.2.5/src/select/poll.o
[430/1447] ANDROID CC build/android/guest/obj/musl/third_party/musl-1.2.5/src/sched/sched_yield.o
[431/1447] ANDROID CC build/android/guest/obj/musl/third_party/musl-1.2.5/src/select/pselect.o
[432/1447] ANDROID CC build/android/guest/obj/musl/third_party/musl-1.2.5/src/select/ppoll.o
[433/1447] ANDROID CC build/android/guest/obj/musl/third_party/musl-1.2.5/src/prng/random.o
[434/1447] ANDROID CC build/android/guest/obj/musl/third_party/musl-1.2.5/src/sched/sched_cpucount.o
[435/1447] ANDROID CC build/android/guest/obj/musl/third_party/musl-1.2.5/src/signal/getitimer.o
[436/1447] ANDROID CC build/android/guest/obj/musl/third_party/musl-1.2.5/src/signal/psiginfo.o
[437/1447] ANDROID CC build/android/guest/obj/musl/third_party/musl-1.2.5/src/sched/sched_setparam.o
[438/1447] ANDROID CC build/android/guest/obj/musl/third_party/musl-1.2.5/src/signal/block.o
[439/1447] ANDROID CC build/android/guest/obj/musl/third_party/musl-1.2.5/src/signal/restore.o
[440/1447] ANDROID CC build/android/guest/obj/musl/third_party/musl-1.2.5/src/signal/killpg.o
[441/1447] ANDROID CC build/android/guest/obj/musl/third_party/musl-1.2.5/src/select/select.o
[442/1447] ANDROID CC build/android/guest/obj/musl/third_party/musl-1.2.5/src/signal/kill.o
[443/1447] ANDROID CC build/android/guest/obj/musl/third_party/musl-1.2.5/src/signal/sigaddset.o
[444/1447] ANDROID CC build/android/guest/obj/musl/third_party/musl-1.2.5/src/signal/sigandset.o
[445/1447] ANDROID CC build/android/guest/obj/musl/third_party/musl-1.2.5/src/signal/raise.o
[446/1447] ANDROID CC build/android/guest/obj/musl/third_party/musl-1.2.5/src/signal/setitimer.o
[447/1447] ANDROID CC build/android/guest/obj/musl/third_party/musl-1.2.5/src/signal/psignal.o
[448/1447] ANDROID CC build/android/guest/obj/musl/third_party/musl-1.2.5/src/signal/sigaction.o
[449/1447] ANDROID CC build/android/guest/obj/musl/third_party/musl-1.2.5/src/signal/sigisemptyset.o
[450/1447] ANDROID CC build/android/guest/obj/musl/third_party/musl-1.2.5/src/signal/sigfillset.o
[451/1447] ANDROID CC build/android/guest/obj/musl/third_party/musl-1.2.5/src/signal/sigaltstack.o
[452/1447] ANDROID CC build/android/guest/obj/musl/third_party/musl-1.2.5/src/signal/sigemptyset.o
[453/1447] ANDROID CC build/android/guest/obj/musl/third_party/musl-1.2.5/src/signal/sigignore.o
[454/1447] ANDROID CC build/android/guest/obj/musl/third_party/musl-1.2.5/src/signal/sigpending.o
[455/1447] ANDROID CC build/android/guest/obj/musl/third_party/musl-1.2.5/src/signal/sigdelset.o
[456/1447] ANDROID CC build/android/guest/obj/musl/third_party/musl-1.2.5/src/signal/sighold.o
[457/1447] ANDROID CC build/android/guest/obj/musl/third_party/musl-1.2.5/src/signal/siglongjmp.o
[458/1447] ANDROID CC build/android/guest/obj/musl/third_party/musl-1.2.5/src/signal/sigismember.o
[459/1447] ANDROID CC build/android/guest/obj/musl/third_party/musl-1.2.5/src/signal/siginterrupt.o
[460/1447] ANDROID CC build/android/guest/obj/musl/third_party/musl-1.2.5/src/signal/sigrtmin.o
[461/1447] ANDROID CC build/android/guest/obj/musl/third_party/musl-1.2.5/src/signal/sigprocmask.o
[462/1447] ANDROID CC build/android/guest/obj/musl/third_party/musl-1.2.5/src/signal/sigorset.o
[463/1447] ANDROID CC build/android/guest/obj/musl/third_party/musl-1.2.5/src/signal/signal.o
[464/1447] ANDROID CC build/android/guest/obj/musl/third_party/musl-1.2.5/src/signal/sigrtmax.o
[465/1447] ANDROID CC build/android/guest/obj/musl/third_party/musl-1.2.5/src/signal/sigpause.o
[466/1447] ANDROID CC build/android/guest/obj/musl/third_party/musl-1.2.5/src/signal/sigqueue.o
[467/1447] ANDROID CC build/android/guest/obj/musl/third_party/musl-1.2.5/src/signal/sigset.o
[468/1447] ANDROID CC build/android/guest/obj/musl/third_party/musl-1.2.5/src/signal/sigrelse.o
[469/1447] ANDROID CC build/android/guest/obj/musl/third_party/musl-1.2.5/src/signal/sigtimedwait.o
[470/1447] ANDROID CC build/android/guest/obj/musl/third_party/musl-1.2.5/src/signal/sigsuspend.o
[471/1447] ANDROID CC build/android/guest/obj/musl/third_party/musl-1.2.5/src/signal/sigsetjmp.o
[472/1447] ANDROID CC build/android/guest/obj/musl/third_party/musl-1.2.5/src/signal/sigwait.o
[473/1447] ANDROID CC build/android/guest/obj/musl/third_party/musl-1.2.5/src/signal/sigsetjmp_tail.o
[474/1447] ANDROID CC build/android/guest/obj/musl/third_party/musl-1.2.5/src/stat/futimens.o
[475/1447] ANDROID CC build/android/guest/obj/musl/third_party/musl-1.2.5/src/stat/fstat.o
[476/1447] ANDROID CC build/android/guest/obj/musl/third_party/musl-1.2.5/src/stat/fchmod.o
[477/1447] ANDROID CC build/android/guest/obj/musl/third_party/musl-1.2.5/src/stat/futimesat.o
[478/1447] ANDROID CC build/android/guest/obj/musl/third_party/musl-1.2.5/src/stat/fchmodat.o
[479/1447] ANDROID CC build/android/guest/obj/musl/third_party/musl-1.2.5/src/stat/__xstat.o
[480/1447] ANDROID CC build/android/guest/obj/musl/third_party/musl-1.2.5/src/stat/lstat.o
[481/1447] ANDROID CC build/android/guest/obj/musl/third_party/musl-1.2.5/src/stat/mkdirat.o
[482/1447] ANDROID CC build/android/guest/obj/musl/third_party/musl-1.2.5/src/signal/sigwaitinfo.o
[483/1447] ANDROID CC build/android/guest/obj/musl/third_party/musl-1.2.5/src/stat/fstatat.o
[484/1447] ANDROID CC build/android/guest/obj/musl/third_party/musl-1.2.5/src/stat/mknodat.o
[485/1447] ANDROID CC build/android/guest/obj/musl/third_party/musl-1.2.5/src/stat/mkfifoat.o
[486/1447] ANDROID CC build/android/guest/obj/musl/third_party/musl-1.2.5/src/stat/mknod.o
[487/1447] ANDROID CC build/android/guest/obj/musl/third_party/musl-1.2.5/src/stat/umask.o
[488/1447] ANDROID CC build/android/guest/obj/musl/third_party/musl-1.2.5/src/stat/lchmod.o
[489/1447] ANDROID CC build/android/guest/obj/musl/third_party/musl-1.2.5/src/stat/utimensat.o
[490/1447] ANDROID CC build/android/guest/obj/musl/third_party/musl-1.2.5/src/stat/mkdir.o
[491/1447] ANDROID CC build/android/guest/obj/musl/third_party/musl-1.2.5/src/stat/chmod.o
[492/1447] ANDROID CC build/android/guest/obj/musl/third_party/musl-1.2.5/src/stat/stat.o
[493/1447] ANDROID CC build/android/guest/obj/musl/third_party/musl-1.2.5/src/stat/statvfs.o
[494/1447] ANDROID CC build/android/guest/obj/musl/third_party/musl-1.2.5/src/stdio/__fmodeflags.o
[495/1447] ANDROID CC build/android/guest/obj/musl/third_party/musl-1.2.5/src/stat/mkfifo.o
[496/1447] ANDROID CC build/android/guest/obj/musl/third_party/musl-1.2.5/src/stdio/__fopen_rb_ca.o
[497/1447] ANDROID CC build/android/guest/obj/musl/third_party/musl-1.2.5/src/stdio/__fclose_ca.o
[498/1447] ANDROID CC build/android/guest/obj/musl/third_party/musl-1.2.5/src/stdio/__stdio_seek.o
[499/1447] ANDROID CC build/android/guest/obj/musl/third_party/musl-1.2.5/src/stdio/__stdio_close.o
[500/1447] ANDROID CC build/android/guest/obj/musl/third_party/musl-1.2.5/src/stdio/__overflow.o
[501/1447] ANDROID CC build/android/guest/obj/musl/third_party/musl-1.2.5/src/stdio/__stdio_exit.o
[502/1447] ANDROID CC build/android/guest/obj/musl/third_party/musl-1.2.5/src/stdio/__lockfile.o
[503/1447] ANDROID CC build/android/guest/obj/musl/third_party/musl-1.2.5/src/stdio/__fdopen.o
[504/1447] ANDROID CC build/android/guest/obj/musl/third_party/musl-1.2.5/src/stdio/__stdout_write.o
[505/1447] ANDROID CC build/android/guest/obj/musl/third_party/musl-1.2.5/src/stdio/__towrite.o
[506/1447] ANDROID CC build/android/guest/obj/musl/third_party/musl-1.2.5/src/stdio/asprintf.o
[507/1447] ANDROID CC build/android/guest/obj/musl/third_party/musl-1.2.5/src/stdio/__toread.o
[508/1447] ANDROID CC build/android/guest/obj/musl/third_party/musl-1.2.5/src/stdio/__stdio_read.o
[509/1447] ANDROID CC build/android/guest/obj/musl/third_party/musl-1.2.5/src/stdio/ferror.o
[510/1447] ANDROID CC build/android/guest/obj/musl/third_party/musl-1.2.5/src/stdio/__stdio_write.o
[511/1447] ANDROID CC build/android/guest/obj/musl/third_party/musl-1.2.5/src/stdio/__uflow.o
[512/1447] ANDROID CC build/android/guest/obj/musl/third_party/musl-1.2.5/src/stdio/dprintf.o
[513/1447] ANDROID CC build/android/guest/obj/musl/third_party/musl-1.2.5/src/stdio/ext2.o
[514/1447] ANDROID CC build/android/guest/obj/musl/third_party/musl-1.2.5/src/stdio/ext.o
[515/1447] ANDROID CC build/android/guest/obj/musl/third_party/musl-1.2.5/src/stdio/fclose.o
[516/1447] ANDROID CC build/android/guest/obj/musl/third_party/musl-1.2.5/src/stdio/fgetpos.o
[517/1447] ANDROID CC build/android/guest/obj/musl/third_party/musl-1.2.5/src/stdio/fgetc.o
[518/1447] ANDROID CC build/android/guest/obj/musl/third_party/musl-1.2.5/src/stdio/fgetln.o
[519/1447] ANDROID CC build/android/guest/obj/musl/third_party/musl-1.2.5/src/stdio/feof.o
[520/1447] ANDROID CC build/android/guest/obj/musl/third_party/musl-1.2.5/src/stdio/clearerr.o
[521/1447] ANDROID CC build/android/guest/obj/musl/third_party/musl-1.2.5/src/stdio/fopen.o
[522/1447] ANDROID CC build/android/guest/obj/musl/third_party/musl-1.2.5/src/stdio/fileno.o
[523/1447] ANDROID CC build/android/guest/obj/musl/third_party/musl-1.2.5/src/stdio/fgetws.o
[524/1447] ANDROID CC build/android/guest/obj/musl/third_party/musl-1.2.5/src/stdio/fprintf.o
[525/1447] ANDROID CC build/android/guest/obj/musl/third_party/musl-1.2.5/src/stdio/fflush.o
[526/1447] ANDROID CC build/android/guest/obj/musl/third_party/musl-1.2.5/src/stdio/fgets.o
[527/1447] ANDROID CC build/android/guest/obj/musl/third_party/musl-1.2.5/src/stdio/fgetwc.o
[528/1447] ANDROID CC build/android/guest/obj/musl/third_party/musl-1.2.5/src/stdio/fmemopen.o
[529/1447] ANDROID CC build/android/guest/obj/musl/third_party/musl-1.2.5/src/stdio/flockfile.o
[530/1447] ANDROID CC build/android/guest/obj/musl/third_party/musl-1.2.5/src/stdio/fputws.o
[531/1447] ANDROID CC build/android/guest/obj/musl/third_party/musl-1.2.5/src/stdio/fputwc.o
[532/1447] ANDROID CC build/android/guest/obj/musl/third_party/musl-1.2.5/src/stdio/fread.o
[533/1447] ANDROID CC build/android/guest/obj/musl/third_party/musl-1.2.5/src/stdio/fputs.o
[534/1447] ANDROID CC build/android/guest/obj/musl/third_party/musl-1.2.5/src/stdio/fseek.o
[535/1447] ANDROID CC build/android/guest/obj/musl/third_party/musl-1.2.5/src/stdio/fputc.o
[536/1447] ANDROID CC build/android/guest/obj/musl/third_party/musl-1.2.5/src/stdio/fscanf.o
[537/1447] ANDROID CC build/android/guest/obj/musl/third_party/musl-1.2.5/src/stdio/ftrylockfile.o
[538/1447] ANDROID CC build/android/guest/obj/musl/third_party/musl-1.2.5/src/stdio/fsetpos.o
[539/1447] ANDROID CC build/android/guest/obj/musl/third_party/musl-1.2.5/src/stdio/freopen.o
[540/1447] ANDROID CC build/android/guest/obj/musl/third_party/musl-1.2.5/src/stdio/fopencookie.o
[541/1447] ANDROID CC build/android/guest/obj/musl/third_party/musl-1.2.5/src/stdio/fwprintf.o
[542/1447] ANDROID CC build/android/guest/obj/musl/third_party/musl-1.2.5/src/stdio/fwscanf.o
[543/1447] ANDROID CC build/android/guest/obj/musl/third_party/musl-1.2.5/src/stdio/getline.o
[544/1447] ANDROID CC build/android/guest/obj/musl/third_party/musl-1.2.5/src/stdio/ftell.o
[545/1447] ANDROID CC build/android/guest/obj/musl/third_party/musl-1.2.5/src/stdio/funlockfile.o
[546/1447] ANDROID CC build/android/guest/obj/musl/third_party/musl-1.2.5/src/stdio/fwide.o
[547/1447] ANDROID CC build/android/guest/obj/musl/third_party/musl-1.2.5/src/stdio/getc_unlocked.o
[548/1447] ANDROID CC build/android/guest/obj/musl/third_party/musl-1.2.5/src/stdio/getw.o
[549/1447] ANDROID CC build/android/guest/obj/musl/third_party/musl-1.2.5/src/stdio/fwrite.o
[550/1447] ANDROID CC build/android/guest/obj/musl/third_party/musl-1.2.5/src/stdio/getc.o
[551/1447] ANDROID CC build/android/guest/obj/musl/third_party/musl-1.2.5/src/stdio/getwc.o
[552/1447] ANDROID CC build/android/guest/obj/musl/third_party/musl-1.2.5/src/stdio/getchar_unlocked.o
[553/1447] ANDROID CC build/android/guest/obj/musl/third_party/musl-1.2.5/src/stdio/gets.o
[554/1447] ANDROID CC build/android/guest/obj/musl/third_party/musl-1.2.5/src/stdio/getwchar.o
[555/1447] ANDROID CC build/android/guest/obj/musl/third_party/musl-1.2.5/src/stdio/ofl.o
[556/1447] ANDROID CC build/android/guest/obj/musl/third_party/musl-1.2.5/src/stdio/getdelim.o
[557/1447] ANDROID CC build/android/guest/obj/musl/third_party/musl-1.2.5/src/stdio/pclose.o
[558/1447] ANDROID CC build/android/guest/obj/musl/third_party/musl-1.2.5/src/stdio/open_wmemstream.o
[559/1447] ANDROID CC build/android/guest/obj/musl/third_party/musl-1.2.5/src/stdio/getchar.o
[560/1447] ANDROID CC build/android/guest/obj/musl/third_party/musl-1.2.5/src/stdio/putc_unlocked.o
[561/1447] ANDROID CC build/android/guest/obj/musl/third_party/musl-1.2.5/src/stdio/ofl_add.o
[562/1447] ANDROID CC build/android/guest/obj/musl/third_party/musl-1.2.5/src/stdio/putw.o
[563/1447] ANDROID CC build/android/guest/obj/musl/third_party/musl-1.2.5/src/stdio/putchar_unlocked.o
[564/1447] ANDROID CC build/android/guest/obj/musl/third_party/musl-1.2.5/src/stdio/open_memstream.o
[565/1447] ANDROID CC build/android/guest/obj/musl/third_party/musl-1.2.5/src/stdio/remove.o
[566/1447] ANDROID CC build/android/guest/obj/musl/third_party/musl-1.2.5/src/stdio/popen.o
[567/1447] ANDROID CC build/android/guest/obj/musl/third_party/musl-1.2.5/src/stdio/puts.o
[568/1447] ANDROID CC build/android/guest/obj/musl/third_party/musl-1.2.5/src/stdio/putchar.o
[569/1447] ANDROID CC build/android/guest/obj/musl/third_party/musl-1.2.5/src/locale/iconv.o
[570/1447] ANDROID CC build/android/guest/obj/musl/third_party/musl-1.2.5/src/stdio/printf.o
[571/1447] ANDROID CC build/android/guest/obj/musl/third_party/musl-1.2.5/src/stdio/putwc.o
[572/1447] ANDROID CC build/android/guest/obj/musl/third_party/musl-1.2.5/src/stdio/putwchar.o
[573/1447] ANDROID CC build/android/guest/obj/musl/third_party/musl-1.2.5/src/stdio/setlinebuf.o
[574/1447] ANDROID CC build/android/guest/obj/musl/third_party/musl-1.2.5/src/stdio/perror.o
[575/1447] ANDROID CC build/android/guest/obj/musl/third_party/musl-1.2.5/src/stdio/setbuffer.o
[576/1447] ANDROID CC build/android/guest/obj/musl/third_party/musl-1.2.5/src/stdio/scanf.o
[577/1447] ANDROID CC build/android/guest/obj/musl/third_party/musl-1.2.5/src/stdio/setbuf.o
[578/1447] ANDROID CC build/android/guest/obj/musl/third_party/musl-1.2.5/src/stdio/rewind.o
[579/1447] ANDROID CC build/android/guest/obj/musl/third_party/musl-1.2.5/src/stdio/setvbuf.o
[580/1447] ANDROID CC build/android/guest/obj/musl/third_party/musl-1.2.5/src/stdio/putc.o
[581/1447] ANDROID CC build/android/guest/obj/musl/third_party/musl-1.2.5/src/stdio/stderr.o
[582/1447] ANDROID CC build/android/guest/obj/musl/third_party/musl-1.2.5/src/stdio/sprintf.o
[583/1447] ANDROID CC build/android/guest/obj/musl/third_party/musl-1.2.5/src/stdio/snprintf.o
[584/1447] ANDROID CC build/android/guest/obj/musl/third_party/musl-1.2.5/src/stdio/sscanf.o
[585/1447] ANDROID CC build/android/guest/obj/musl/third_party/musl-1.2.5/src/stdio/rename.o
[586/1447] ANDROID CC build/android/guest/obj/musl/third_party/musl-1.2.5/src/stdio/stdout.o
[587/1447] ANDROID CC build/android/guest/obj/musl/third_party/musl-1.2.5/src/stdio/tempnam.o
[588/1447] ANDROID CC build/android/guest/obj/musl/third_party/musl-1.2.5/src/stdio/swscanf.o
[589/1447] ANDROID CC build/android/guest/obj/musl/third_party/musl-1.2.5/src/stdio/vasprintf.o
[590/1447] ANDROID CC build/android/guest/obj/musl/third_party/musl-1.2.5/src/stdio/swprintf.o
[591/1447] ANDROID CC build/android/guest/obj/musl/third_party/musl-1.2.5/src/stdio/stdin.o
[592/1447] ANDROID CC build/android/guest/obj/musl/third_party/musl-1.2.5/src/stdio/tmpfile.o
[593/1447] ANDROID CC build/android/guest/obj/musl/third_party/musl-1.2.5/src/stdio/vdprintf.o
[594/1447] ANDROID CC build/android/guest/obj/musl/third_party/musl-1.2.5/src/stdio/tmpnam.o
[595/1447] ANDROID CC build/android/guest/obj/musl/third_party/musl-1.2.5/src/stdio/ungetwc.o
[596/1447] ANDROID CC build/android/guest/obj/musl/third_party/musl-1.2.5/src/stdio/vscanf.o
[597/1447] ANDROID CC build/android/guest/obj/musl/third_party/musl-1.2.5/src/stdio/vwprintf.o
[598/1447] ANDROID CC build/android/guest/obj/musl/third_party/musl-1.2.5/src/stdio/vwscanf.o
[599/1447] ANDROID CC build/android/guest/obj/musl/third_party/musl-1.2.5/src/stdio/vprintf.o
[600/1447] ANDROID CC build/android/guest/obj/musl/third_party/musl-1.2.5/src/stdio/vsnprintf.o
[601/1447] ANDROID CC build/android/guest/obj/musl/third_party/musl-1.2.5/src/stdio/ungetc.o
[602/1447] ANDROID CC build/android/guest/obj/musl/third_party/musl-1.2.5/src/stdio/wscanf.o
[603/1447] ANDROID CC build/android/guest/obj/musl/third_party/musl-1.2.5/src/stdio/wprintf.o
[604/1447] ANDROID CC build/android/guest/obj/musl/third_party/musl-1.2.5/src/stdio/vsscanf.o
[605/1447] ANDROID CC build/android/guest/obj/musl/third_party/musl-1.2.5/src/stdlib/abs.o
[606/1447] ANDROID CC build/android/guest/obj/musl/third_party/musl-1.2.5/src/stdlib/atol.o
[607/1447] ANDROID CC build/android/guest/obj/musl/third_party/musl-1.2.5/src/stdlib/atof.o
[608/1447] ANDROID CC build/android/guest/obj/musl/third_party/musl-1.2.5/src/stdlib/atoi.o
[609/1447] ANDROID CC build/android/guest/obj/musl/third_party/musl-1.2.5/src/stdio/vswscanf.o
[610/1447] ANDROID CC build/android/guest/obj/musl/third_party/musl-1.2.5/src/stdlib/bsearch.o
[611/1447] ANDROID CC build/android/guest/obj/musl/third_party/musl-1.2.5/src/stdio/vsprintf.o
[612/1447] ANDROID CC build/android/guest/obj/musl/third_party/musl-1.2.5/src/stdio/vswprintf.o
[613/1447] ANDROID CC build/android/guest/obj/musl/third_party/musl-1.2.5/src/stdlib/div.o
[614/1447] ANDROID CC build/android/guest/obj/musl/third_party/musl-1.2.5/src/stdlib/imaxabs.o
[615/1447] ANDROID CC build/android/guest/obj/musl/third_party/musl-1.2.5/src/stdlib/fcvt.o
[616/1447] ANDROID CC build/android/guest/obj/musl/third_party/musl-1.2.5/src/stdlib/imaxdiv.o
[617/1447] ANDROID CC build/android/guest/obj/musl/third_party/musl-1.2.5/src/stdlib/gcvt.o
[618/1447] ANDROID CC build/android/guest/obj/musl/third_party/musl-1.2.5/src/stdlib/atoll.o
[619/1447] ANDROID CC build/android/guest/obj/musl/third_party/musl-1.2.5/src/stdio/vfscanf.o
[620/1447] ANDROID CC build/android/guest/obj/musl/third_party/musl-1.2.5/src/stdlib/llabs.o
[621/1447] ANDROID CC build/android/guest/obj/musl/third_party/musl-1.2.5/src/stdlib/qsort_nr.o
[622/1447] ANDROID CC build/android/guest/obj/musl/third_party/musl-1.2.5/src/stdlib/lldiv.o
[623/1447] ANDROID CC build/android/guest/obj/musl/third_party/musl-1.2.5/src/stdlib/ecvt.o
[624/1447] ANDROID CC build/android/guest/obj/musl/third_party/musl-1.2.5/src/stdlib/ldiv.o
[625/1447] ANDROID CC build/android/guest/obj/musl/third_party/musl-1.2.5/src/stdio/vfwscanf.o
[626/1447] ANDROID CC build/android/guest/obj/musl/third_party/musl-1.2.5/src/stdlib/labs.o
[627/1447] ANDROID CC build/android/guest/obj/musl/third_party/musl-1.2.5/src/stdio/vfwprintf.o
[628/1447] ANDROID CC build/android/guest/obj/musl/third_party/musl-1.2.5/src/string/bzero.o
[629/1447] ANDROID CC build/android/guest/obj/musl/third_party/musl-1.2.5/src/string/bcmp.o
[630/1447] ANDROID CC build/android/guest/obj/musl/third_party/musl-1.2.5/src/stdlib/strtod.o
[631/1447] ANDROID CC build/android/guest/obj/musl/third_party/musl-1.2.5/src/string/bcopy.o
[632/1447] ANDROID CC build/android/guest/obj/musl/third_party/musl-1.2.5/src/stdlib/strtol.o
[633/1447] ANDROID CC build/android/guest/obj/musl/third_party/musl-1.2.5/src/string/memchr.o
[634/1447] ANDROID CC build/android/guest/obj/musl/third_party/musl-1.2.5/src/stdlib/qsort.o
[635/1447] ANDROID CC build/android/guest/obj/musl/third_party/musl-1.2.5/src/string/memrchr.o
[636/1447] ANDROID CC build/android/guest/obj/musl/third_party/musl-1.2.5/src/string/rindex.o
[637/1447] ANDROID CC build/android/guest/obj/musl/third_party/musl-1.2.5/src/string/index.o
[638/1447] ANDROID CC build/android/guest/obj/musl/third_party/musl-1.2.5/src/string/memset.o
[639/1447] ANDROID CC build/android/guest/obj/musl/third_party/musl-1.2.5/src/string/stpcpy.o
[640/1447] ANDROID CC build/android/guest/obj/musl/third_party/musl-1.2.5/src/string/stpncpy.o
[641/1447] ANDROID CC build/android/guest/obj/musl/third_party/musl-1.2.5/src/string/mempcpy.o
[642/1447] ANDROID CC build/android/guest/obj/musl/third_party/musl-1.2.5/src/string/memcmp.o
[643/1447] ANDROID CC build/android/guest/obj/musl/third_party/musl-1.2.5/src/string/memmove.o
[644/1447] ANDROID CC build/android/guest/obj/musl/third_party/musl-1.2.5/src/stdlib/wcstod.o
[645/1447] ANDROID CC build/android/guest/obj/musl/third_party/musl-1.2.5/src/string/strcasestr.o
[646/1447] ANDROID CC build/android/guest/obj/musl/third_party/musl-1.2.5/src/string/memcpy.o
[647/1447] ANDROID CC build/android/guest/obj/musl/third_party/musl-1.2.5/src/string/memmem.o
[648/1447] ANDROID CC build/android/guest/obj/musl/third_party/musl-1.2.5/src/string/strchr.o
[649/1447] ANDROID CC build/android/guest/obj/musl/third_party/musl-1.2.5/src/string/strcasecmp.o
[650/1447] ANDROID CC build/android/guest/obj/musl/third_party/musl-1.2.5/src/string/strchrnul.o
[651/1447] ANDROID CC build/android/guest/obj/musl/third_party/musl-1.2.5/src/string/strcat.o
[652/1447] ANDROID CC build/android/guest/obj/musl/third_party/musl-1.2.5/src/string/strcmp.o
[653/1447] ANDROID CC build/android/guest/obj/musl/third_party/musl-1.2.5/src/string/memccpy.o
[654/1447] ANDROID CC build/android/guest/obj/musl/third_party/musl-1.2.5/src/stdlib/wcstol.o
[655/1447] ANDROID CC build/android/guest/obj/musl/third_party/musl-1.2.5/src/string/strlcat.o
[656/1447] ANDROID CC build/android/guest/obj/musl/third_party/musl-1.2.5/src/string/strcspn.o
[657/1447] ANDROID CC build/android/guest/obj/musl/third_party/musl-1.2.5/src/string/strcpy.o
[658/1447] ANDROID CC build/android/guest/obj/musl/third_party/musl-1.2.5/src/string/strlen.o
[659/1447] ANDROID CC build/android/guest/obj/musl/third_party/musl-1.2.5/src/string/strerror_r.o
[660/1447] ANDROID CC build/android/guest/obj/musl/third_party/musl-1.2.5/src/string/strlcpy.o
[661/1447] ANDROID CC build/android/guest/obj/musl/third_party/musl-1.2.5/src/string/strncasecmp.o
[662/1447] ANDROID CC build/android/guest/obj/musl/third_party/musl-1.2.5/src/string/strsep.o
[663/1447] ANDROID CC build/android/guest/obj/musl/third_party/musl-1.2.5/src/string/strpbrk.o
[664/1447] ANDROID CC build/android/guest/obj/musl/third_party/musl-1.2.5/src/string/strncat.o
[665/1447] ANDROID CC build/android/guest/obj/musl/third_party/musl-1.2.5/src/string/strdup.o
[666/1447] ANDROID CC build/android/guest/obj/musl/third_party/musl-1.2.5/src/string/strnlen.o
[667/1447] ANDROID CC build/android/guest/obj/musl/third_party/musl-1.2.5/src/string/strndup.o
[668/1447] ANDROID CC build/android/guest/obj/musl/third_party/musl-1.2.5/src/string/strspn.o
[669/1447] ANDROID CC build/android/guest/obj/musl/third_party/musl-1.2.5/src/string/strtok.o
[670/1447] ANDROID CC build/android/guest/obj/musl/third_party/musl-1.2.5/src/string/strrchr.o
[671/1447] ANDROID CC build/android/guest/obj/musl/third_party/musl-1.2.5/src/string/strncmp.o
[672/1447] ANDROID CC build/android/guest/obj/musl/third_party/musl-1.2.5/src/string/strtok_r.o
[673/1447] ANDROID CC build/android/guest/obj/musl/third_party/musl-1.2.5/src/string/strstr.o
[674/1447] ANDROID CC build/android/guest/obj/musl/third_party/musl-1.2.5/src/string/wcpcpy.o
[675/1447] ANDROID CC build/android/guest/obj/musl/third_party/musl-1.2.5/src/string/swab.o
[676/1447] ANDROID CC build/android/guest/obj/musl/third_party/musl-1.2.5/src/string/strsignal.o
[677/1447] ANDROID CC build/android/guest/obj/musl/third_party/musl-1.2.5/src/string/wcscasecmp.o
[678/1447] ANDROID CC build/android/guest/obj/musl/third_party/musl-1.2.5/src/string/wcpncpy.o
[679/1447] ANDROID CC build/android/guest/obj/musl/third_party/musl-1.2.5/src/string/strncpy.o
[680/1447] ANDROID CC build/android/guest/obj/musl/third_party/musl-1.2.5/src/string/strverscmp.o
[681/1447] ANDROID CC build/android/guest/obj/musl/third_party/musl-1.2.5/src/string/wcscmp.o
[682/1447] ANDROID CC build/android/guest/obj/musl/third_party/musl-1.2.5/src/string/wcschr.o
[683/1447] ANDROID CC build/android/guest/obj/musl/third_party/musl-1.2.5/src/string/wcsncasecmp.o
[684/1447] ANDROID CC build/android/guest/obj/musl/third_party/musl-1.2.5/src/string/wcslen.o
[685/1447] ANDROID CC build/android/guest/obj/musl/third_party/musl-1.2.5/src/string/wcscat.o
[686/1447] ANDROID CC build/android/guest/obj/musl/third_party/musl-1.2.5/src/string/wcscasecmp_l.o
[687/1447] ANDROID CC build/android/guest/obj/musl/third_party/musl-1.2.5/src/string/wcscspn.o
[688/1447] ANDROID CC build/android/guest/obj/musl/third_party/musl-1.2.5/src/string/wcsncasecmp_l.o
[689/1447] ANDROID CC build/android/guest/obj/musl/third_party/musl-1.2.5/src/string/wcsncpy.o
[690/1447] ANDROID CC build/android/guest/obj/musl/third_party/musl-1.2.5/src/string/wcscpy.o
[691/1447] ANDROID CC build/android/guest/obj/musl/third_party/musl-1.2.5/src/string/wcsdup.o
[692/1447] ANDROID CC build/android/guest/obj/musl/third_party/musl-1.2.5/src/string/wcsspn.o
[693/1447] ANDROID CC build/android/guest/obj/musl/third_party/musl-1.2.5/src/string/wcspbrk.o
[694/1447] ANDROID CC build/android/guest/obj/musl/third_party/musl-1.2.5/src/string/wcsnlen.o
[695/1447] ANDROID CC build/android/guest/obj/musl/third_party/musl-1.2.5/src/string/wcsrchr.o
[696/1447] ANDROID CC build/android/guest/obj/musl/third_party/musl-1.2.5/src/string/wcsncmp.o
[697/1447] ANDROID CC build/android/guest/obj/musl/third_party/musl-1.2.5/src/string/wcsncat.o
[698/1447] ANDROID CC build/android/guest/obj/musl/third_party/musl-1.2.5/src/string/wmemchr.o
[699/1447] ANDROID CC build/android/guest/obj/musl/third_party/musl-1.2.5/src/thread/default_attr.o
[700/1447] ANDROID CC build/android/guest/obj/musl/third_party/musl-1.2.5/src/string/wmemcmp.o
[701/1447] ANDROID CC build/android/guest/obj/musl/third_party/musl-1.2.5/src/string/wmemmove.o
[702/1447] ANDROID CC build/android/guest/obj/musl/third_party/musl-1.2.5/src/string/wmemcpy.o
[703/1447] ANDROID CC build/android/guest/obj/musl/third_party/musl-1.2.5/src/thread/__syscall_cp.o
[704/1447] ANDROID CC build/android/guest/obj/musl/third_party/musl-1.2.5/src/string/wmemset.o
[705/1447] ANDROID CC build/android/guest/obj/musl/third_party/musl-1.2.5/src/thread/__wait.o
[706/1447] ANDROID CC build/android/guest/obj/musl/third_party/musl-1.2.5/src/thread/pthread_attr_setguardsize.o
[707/1447] ANDROID CC build/android/guest/obj/musl/third_party/musl-1.2.5/src/thread/__timedwait.o
[708/1447] ANDROID CC build/android/guest/obj/musl/third_party/musl-1.2.5/src/string/wcstok.o
[709/1447] ANDROID CC build/android/guest/obj/musl/third_party/musl-1.2.5/src/thread/__lock.o
[710/1447] ANDROID CC build/android/guest/obj/musl/third_party/musl-1.2.5/src/string/wcsstr.o
[711/1447] ANDROID CC build/android/guest/obj/musl/third_party/musl-1.2.5/src/thread/pthread_attr_get.o
[712/1447] ANDROID CC build/android/guest/obj/musl/third_party/musl-1.2.5/src/string/wcswcs.o
[713/1447] ANDROID CC build/android/guest/obj/musl/third_party/musl-1.2.5/src/thread/pthread_attr_destroy.o
[714/1447] ANDROID CC build/android/guest/obj/musl/third_party/musl-1.2.5/src/thread/pthread_attr_setinheritsched.o
[715/1447] ANDROID CC build/android/guest/obj/musl/third_party/musl-1.2.5/src/thread/pthread_attr_setschedpolicy.o
[716/1447] ANDROID CC build/android/guest/obj/musl/third_party/musl-1.2.5/src/thread/pthread_attr_setschedparam.o
[717/1447] ANDROID CC build/android/guest/obj/musl/third_party/musl-1.2.5/src/thread/pthread_attr_setscope.o
[718/1447] ANDROID CC build/android/guest/obj/musl/third_party/musl-1.2.5/src/thread/lock_ptc.o
[719/1447] ANDROID CC build/android/guest/obj/musl/third_party/musl-1.2.5/src/thread/pthread_attr_setdetachstate.o
[720/1447] ANDROID CC build/android/guest/obj/musl/third_party/musl-1.2.5/src/thread/pthread_attr_init.o
[721/1447] ANDROID CC build/android/guest/obj/musl/third_party/musl-1.2.5/src/thread/pthread_attr_setstack.o
[722/1447] ANDROID CC build/android/guest/obj/musl/third_party/musl-1.2.5/src/thread/pthread_cond_destroy.o
[723/1447] ANDROID CC build/android/guest/obj/musl/third_party/musl-1.2.5/src/thread/pthread_condattr_destroy.o
[724/1447] ANDROID CC build/android/guest/obj/musl/third_party/musl-1.2.5/src/thread/pthread_cond_init.o
[725/1447] ANDROID CC build/android/guest/obj/musl/third_party/musl-1.2.5/src/thread/pthread_condattr_setclock.o
[726/1447] ANDROID CC build/android/guest/obj/musl/third_party/musl-1.2.5/src/thread/pthread_attr_setstacksize.o
[727/1447] ANDROID CC build/android/guest/obj/musl/third_party/musl-1.2.5/src/thread/pthread_condattr_setpshared.o
[728/1447] ANDROID CC build/android/guest/obj/musl/third_party/musl-1.2.5/src/thread/pthread_condattr_init.o
[729/1447] ANDROID CC build/android/guest/obj/musl/third_party/musl-1.2.5/src/thread/pthread_cond_wait.o
[730/1447] ANDROID CC build/android/guest/obj/musl/third_party/musl-1.2.5/src/thread/pthread_cond_broadcast.o
[731/1447] ANDROID CC build/android/guest/obj/musl/third_party/musl-1.2.5/src/thread/pthread_cond_signal.o
[732/1447] ANDROID CC build/android/guest/obj/musl/third_party/musl-1.2.5/src/thread/pthread_mutex_init.o
[733/1447] ANDROID CC build/android/guest/obj/musl/third_party/musl-1.2.5/src/thread/pthread_mutex_destroy.o
[734/1447] ANDROID CC build/android/guest/obj/musl/third_party/musl-1.2.5/src/stdio/vfprintf.o
[735/1447] ANDROID CC build/android/guest/obj/musl/third_party/musl-1.2.5/src/thread/pthread_mutex_timedlock.o
[736/1447] ANDROID CC build/android/guest/obj/musl/third_party/musl-1.2.5/src/thread/pthread_equal.o
[737/1447] ANDROID CC build/android/guest/obj/musl/third_party/musl-1.2.5/src/thread/pthread_mutex_getprioceiling.o
[738/1447] ANDROID CC build/android/guest/obj/musl/third_party/musl-1.2.5/src/thread/pthread_mutexattr_init.o
[739/1447] ANDROID CC build/android/guest/obj/musl/third_party/musl-1.2.5/src/thread/pthread_mutex_setprioceiling.o
[740/1447] ANDROID CC build/android/guest/obj/musl/third_party/musl-1.2.5/src/thread/pthread_mutexattr_destroy.o
[741/1447] ANDROID CC build/android/guest/obj/musl/third_party/musl-1.2.5/src/thread/pthread_mutex_trylock.o
[742/1447] ANDROID CC build/android/guest/obj/musl/third_party/musl-1.2.5/src/thread/pthread_cond_timedwait.o
[743/1447] ANDROID CC build/android/guest/obj/musl/third_party/musl-1.2.5/src/thread/pthread_mutexattr_setpshared.o
[744/1447] ANDROID CC build/android/guest/obj/musl/third_party/musl-1.2.5/src/thread/pthread_mutex_lock.o
[745/1447] ANDROID CC build/android/guest/obj/musl/third_party/musl-1.2.5/src/thread/pthread_rwlock_destroy.o
[746/1447] ANDROID CC build/android/guest/obj/musl/third_party/musl-1.2.5/src/thread/pthread_mutex_consistent.o
[747/1447] ANDROID CC build/android/guest/obj/musl/third_party/musl-1.2.5/src/thread/pthread_mutex_unlock.o
[748/1447] ANDROID CC build/android/guest/obj/musl/third_party/musl-1.2.5/src/thread/pthread_mutexattr_setprotocol.o
[749/1447] ANDROID CC build/android/guest/obj/musl/third_party/musl-1.2.5/src/thread/pthread_rwlock_init.o
[750/1447] ANDROID CC build/android/guest/obj/musl/third_party/musl-1.2.5/src/thread/pthread_rwlock_rdlock.o
[751/1447] ANDROID CC build/android/guest/obj/musl/third_party/musl-1.2.5/src/thread/pthread_mutexattr_setrobust.o
[752/1447] ANDROID CC build/android/guest/obj/musl/third_party/musl-1.2.5/src/thread/pthread_rwlock_tryrdlock.o
[753/1447] ANDROID CC build/android/guest/obj/musl/third_party/musl-1.2.5/src/thread/pthread_rwlock_trywrlock.o
[754/1447] ANDROID CC build/android/guest/obj/musl/third_party/musl-1.2.5/src/thread/pthread_rwlockattr_destroy.o
[755/1447] ANDROID CC build/android/guest/obj/musl/third_party/musl-1.2.5/src/thread/pthread_once.o
[756/1447] ANDROID CC build/android/guest/obj/musl/third_party/musl-1.2.5/src/thread/pthread_rwlock_timedwrlock.o
[757/1447] ANDROID CC build/android/guest/obj/musl/third_party/musl-1.2.5/src/thread/pthread_mutexattr_settype.o
[758/1447] ANDROID CC build/android/guest/obj/musl/third_party/musl-1.2.5/src/thread/pthread_rwlock_wrlock.o
[759/1447] ANDROID CC build/android/guest/obj/musl/third_party/musl-1.2.5/src/thread/pthread_rwlock_timedrdlock.o
[760/1447] ANDROID CC build/android/guest/obj/musl/third_party/musl-1.2.5/src/thread/pthread_setcancelstate.o
[761/1447] ANDROID CC build/android/guest/obj/musl/third_party/musl-1.2.5/src/thread/pthread_self.o
[762/1447] ANDROID CC build/android/guest/obj/musl/third_party/musl-1.2.5/src/thread/pthread_rwlockattr_init.o
[763/1447] ANDROID CC build/android/guest/obj/musl/third_party/musl-1.2.5/src/thread/pthread_spin_destroy.o
[764/1447] ANDROID CC build/android/guest/obj/musl/third_party/musl-1.2.5/src/thread/sem_destroy.o
[765/1447] ANDROID CC build/android/guest/obj/musl/third_party/musl-1.2.5/src/thread/pthread_rwlockattr_setpshared.o
[766/1447] ANDROID CC build/android/guest/obj/musl/third_party/musl-1.2.5/src/thread/pthread_spin_lock.o
[767/1447] ANDROID CC build/android/guest/obj/musl/third_party/musl-1.2.5/src/thread/sem_post.o
[768/1447] ANDROID CC build/android/guest/obj/musl/third_party/musl-1.2.5/src/thread/pthread_spin_init.o
[769/1447] ANDROID CC build/android/guest/obj/musl/third_party/musl-1.2.5/src/thread/pthread_spin_unlock.o
[770/1447] ANDROID CC build/android/guest/obj/musl/third_party/musl-1.2.5/src/thread/sem_init.o
[771/1447] ANDROID CC build/android/guest/obj/musl/third_party/musl-1.2.5/src/thread/pthread_spin_trylock.o
[772/1447] ANDROID CC build/android/guest/obj/musl/third_party/musl-1.2.5/src/thread/pthread_rwlock_unlock.o
[773/1447] ANDROID CC build/android/guest/obj/musl/third_party/musl-1.2.5/src/thread/sem_unlink.o
[774/1447] ANDROID CC build/android/guest/obj/musl/third_party/musl-1.2.5/src/thread/pthread_testcancel.o
[775/1447] ANDROID CC build/android/guest/obj/musl/third_party/musl-1.2.5/src/thread/vmlock.o
[776/1447] ANDROID CC build/android/guest/obj/musl/third_party/musl-1.2.5/src/thread/sem_getvalue.o
[777/1447] ANDROID CC build/android/guest/obj/musl/third_party/musl-1.2.5/src/thread/sem_open.o
[778/1447] ANDROID CC build/android/guest/obj/musl/third_party/musl-1.2.5/src/time/__map_file.o
[779/1447] ANDROID CC build/android/guest/obj/musl/third_party/musl-1.2.5/src/time/__year_to_secs.o
[780/1447] ANDROID CC build/android/guest/obj/musl/third_party/musl-1.2.5/src/time/__month_to_secs.o
[781/1447] ANDROID CC build/android/guest/obj/musl/third_party/musl-1.2.5/src/time/__tm_to_secs.o
[782/1447] ANDROID CC build/android/guest/obj/musl/third_party/musl-1.2.5/src/thread/sem_wait.o
[783/1447] ANDROID CC build/android/guest/obj/musl/third_party/musl-1.2.5/src/thread/sem_trywait.o
[784/1447] ANDROID CC build/android/guest/obj/musl/third_party/musl-1.2.5/src/time/asctime.o
[785/1447] ANDROID CC build/android/guest/obj/musl/third_party/musl-1.2.5/src/time/clock_getcpuclockid.o
[786/1447] ANDROID CC build/android/guest/obj/musl/third_party/musl-1.2.5/src/time/clock.o
[787/1447] ANDROID CC build/android/guest/obj/musl/third_party/musl-1.2.5/src/time/__secs_to_tm.o
[788/1447] ANDROID CC build/android/guest/obj/musl/third_party/musl-1.2.5/src/time/clock_getres.o
[789/1447] ANDROID CC build/android/guest/obj/musl/third_party/musl-1.2.5/src/time/asctime_r.o
[790/1447] ANDROID CC build/android/guest/obj/musl/third_party/musl-1.2.5/src/thread/sem_timedwait.o
[791/1447] ANDROID CC build/android/guest/obj/musl/third_party/musl-1.2.5/src/time/clock_nanosleep.o
[792/1447] ANDROID CC build/android/guest/obj/musl/third_party/musl-1.2.5/src/time/difftime.o
[793/1447] ANDROID CC build/android/guest/obj/musl/third_party/musl-1.2.5/src/time/ctime.o
[794/1447] ANDROID CC build/android/guest/obj/musl/third_party/musl-1.2.5/src/time/clock_gettime.o
[795/1447] ANDROID CC build/android/guest/obj/musl/third_party/musl-1.2.5/src/time/ftime.o
[796/1447] ANDROID CC build/android/guest/obj/musl/third_party/musl-1.2.5/src/time/localtime_r.o
[797/1447] ANDROID CC build/android/guest/obj/musl/third_party/musl-1.2.5/src/time/mktime.o
[798/1447] ANDROID CC build/android/guest/obj/musl/third_party/musl-1.2.5/src/time/getdate.o
[799/1447] ANDROID CC build/android/guest/obj/musl/third_party/musl-1.2.5/src/time/gettimeofday.o
[800/1447] ANDROID CC build/android/guest/obj/musl/third_party/musl-1.2.5/src/time/clock_settime.o
[801/1447] ANDROID CC build/android/guest/obj/musl/third_party/musl-1.2.5/src/time/timegm.o
[802/1447] ANDROID CC build/android/guest/obj/musl/third_party/musl-1.2.5/src/time/ctime_r.o
[803/1447] ANDROID CC build/android/guest/obj/musl/third_party/musl-1.2.5/src/time/nanosleep.o
[804/1447] ANDROID CC build/android/guest/obj/musl/third_party/musl-1.2.5/src/time/localtime.o
[805/1447] ANDROID CC build/android/guest/obj/musl/third_party/musl-1.2.5/src/time/timer_gettime.o
[806/1447] ANDROID CC build/android/guest/obj/musl/third_party/musl-1.2.5/src/time/gmtime.o
[807/1447] ANDROID CC build/android/guest/obj/musl/third_party/musl-1.2.5/src/time/gmtime_r.o
[808/1447] ANDROID CC build/android/guest/obj/musl/third_party/musl-1.2.5/src/time/timer_delete.o
[809/1447] ANDROID CC build/android/guest/obj/musl/third_party/musl-1.2.5/src/time/time.o
[810/1447] ANDROID CC build/android/guest/obj/musl/third_party/musl-1.2.5/src/time/timer_getoverrun.o
[811/1447] ANDROID CC build/android/guest/obj/musl/third_party/musl-1.2.5/src/time/utime.o
[812/1447] ANDROID CC build/android/guest/obj/musl/third_party/musl-1.2.5/src/time/times.o
[813/1447] ANDROID CC build/android/guest/obj/musl/third_party/musl-1.2.5/src/time/timespec_get.o
[814/1447] ANDROID CC build/android/guest/obj/musl/third_party/musl-1.2.5/src/time/__tz.o
[815/1447] ANDROID CC build/android/guest/obj/musl/third_party/musl-1.2.5/src/unistd/_exit.o
[816/1447] ANDROID CC build/android/guest/obj/musl/third_party/musl-1.2.5/src/time/timer_settime.o
[817/1447] ANDROID CC build/android/guest/obj/musl/third_party/musl-1.2.5/src/unistd/access.o
[818/1447] ANDROID CC build/android/guest/obj/musl/third_party/musl-1.2.5/src/time/strptime.o
[819/1447] ANDROID CC build/android/guest/obj/musl/third_party/musl-1.2.5/src/unistd/acct.o
[820/1447] ANDROID CC build/android/guest/obj/musl/third_party/musl-1.2.5/src/unistd/alarm.o
[821/1447] ANDROID CC build/android/guest/obj/musl/third_party/musl-1.2.5/src/time/wcsftime.o
[822/1447] ANDROID CC build/android/guest/obj/musl/third_party/musl-1.2.5/src/unistd/close.o
[823/1447] ANDROID CC build/android/guest/obj/musl/third_party/musl-1.2.5/src/unistd/dup2.o
[824/1447] ANDROID CC build/android/guest/obj/musl/third_party/musl-1.2.5/src/time/strftime.o
[825/1447] ANDROID CC build/android/guest/obj/musl/third_party/musl-1.2.5/src/unistd/chdir.o
[826/1447] ANDROID CC build/android/guest/obj/musl/third_party/musl-1.2.5/src/unistd/dup.o
[827/1447] ANDROID CC build/android/guest/obj/musl/third_party/musl-1.2.5/src/time/timer_create.o
[828/1447] ANDROID CC build/android/guest/obj/musl/third_party/musl-1.2.5/src/unistd/chown.o
[829/1447] ANDROID CC build/android/guest/obj/musl/third_party/musl-1.2.5/src/unistd/fchdir.o
[830/1447] ANDROID CC build/android/guest/obj/musl/third_party/musl-1.2.5/src/unistd/dup3.o
[831/1447] ANDROID CC build/android/guest/obj/musl/third_party/musl-1.2.5/src/unistd/fchownat.o
[832/1447] ANDROID CC build/android/guest/obj/musl/third_party/musl-1.2.5/src/unistd/ctermid.o
[833/1447] ANDROID CC build/android/guest/obj/musl/third_party/musl-1.2.5/src/unistd/fdatasync.o
[834/1447] ANDROID CC build/android/guest/obj/musl/third_party/musl-1.2.5/src/unistd/getegid.o
[835/1447] ANDROID CC build/android/guest/obj/musl/third_party/musl-1.2.5/src/unistd/getcwd.o
[836/1447] ANDROID CC build/android/guest/obj/musl/third_party/musl-1.2.5/src/unistd/fsync.o
[837/1447] ANDROID CC build/android/guest/obj/musl/third_party/musl-1.2.5/src/unistd/faccessat.o
[838/1447] ANDROID CC build/android/guest/obj/musl/third_party/musl-1.2.5/src/unistd/getpgid.o
[839/1447] ANDROID CC build/android/guest/obj/musl/third_party/musl-1.2.5/src/unistd/getpgrp.o
[840/1447] ANDROID CC build/android/guest/obj/musl/third_party/musl-1.2.5/src/unistd/getppid.o
[841/1447] ANDROID CC build/android/guest/obj/musl/third_party/musl-1.2.5/src/unistd/geteuid.o
[842/1447] ANDROID CC build/android/guest/obj/musl/third_party/musl-1.2.5/src/unistd/getlogin_r.o
[843/1447] ANDROID CC build/android/guest/obj/musl/third_party/musl-1.2.5/src/unistd/getgroups.o
[844/1447] ANDROID CC build/android/guest/obj/musl/third_party/musl-1.2.5/src/unistd/gethostname.o
[845/1447] ANDROID CC build/android/guest/obj/musl/third_party/musl-1.2.5/src/unistd/getpid.o
[846/1447] ANDROID CC build/android/guest/obj/musl/third_party/musl-1.2.5/src/unistd/fchown.o
[847/1447] ANDROID CC build/android/guest/obj/musl/third_party/musl-1.2.5/src/unistd/ftruncate.o
[848/1447] ANDROID CC build/android/guest/obj/musl/third_party/musl-1.2.5/src/unistd/getlogin.o
[849/1447] ANDROID CC build/android/guest/obj/musl/third_party/musl-1.2.5/src/unistd/linkat.o
[850/1447] ANDROID CC build/android/guest/obj/musl/third_party/musl-1.2.5/src/unistd/getsid.o
[851/1447] ANDROID CC build/android/guest/obj/musl/third_party/musl-1.2.5/src/unistd/nice.o
[852/1447] ANDROID CC build/android/guest/obj/musl/third_party/musl-1.2.5/src/unistd/getgid.o
[853/1447] ANDROID CC build/android/guest/obj/musl/third_party/musl-1.2.5/src/unistd/getuid.o
[854/1447] ANDROID CC build/android/guest/obj/musl/third_party/musl-1.2.5/src/unistd/link.o
[855/1447] ANDROID CC build/android/guest/obj/musl/third_party/musl-1.2.5/src/unistd/lseek.o
[856/1447] ANDROID CC build/android/guest/obj/musl/third_party/musl-1.2.5/src/unistd/lchown.o
[857/1447] ANDROID CC build/android/guest/obj/musl/third_party/musl-1.2.5/src/unistd/posix_close.o
[858/1447] ANDROID CC build/android/guest/obj/musl/third_party/musl-1.2.5/src/unistd/pause.o
[859/1447] ANDROID CC build/android/guest/obj/musl/third_party/musl-1.2.5/src/unistd/isatty.o
[860/1447] ANDROID CC build/android/guest/obj/musl/third_party/musl-1.2.5/src/unistd/preadv.o
[861/1447] ANDROID CC build/android/guest/obj/musl/third_party/musl-1.2.5/src/unistd/pwritev.o
[862/1447] ANDROID CC build/android/guest/obj/musl/third_party/musl-1.2.5/src/unistd/pread.o
[863/1447] ANDROID CC build/android/guest/obj/musl/third_party/musl-1.2.5/src/unistd/pipe.o
[864/1447] ANDROID CC build/android/guest/obj/musl/third_party/musl-1.2.5/src/unistd/read.o
[865/1447] ANDROID CC build/android/guest/obj/musl/third_party/musl-1.2.5/src/unistd/readlink.o
[866/1447] ANDROID CC build/android/guest/obj/musl/third_party/musl-1.2.5/src/unistd/pipe2.o
[867/1447] ANDROID CC build/android/guest/obj/musl/third_party/musl-1.2.5/src/unistd/pwrite.o
[868/1447] ANDROID CC build/android/guest/obj/musl/third_party/musl-1.2.5/src/unistd/readv.o
[869/1447] ANDROID CC build/android/guest/obj/musl/third_party/musl-1.2.5/src/unistd/seteuid.o
[870/1447] ANDROID CC build/android/guest/obj/musl/third_party/musl-1.2.5/src/unistd/readlinkat.o
[871/1447] ANDROID CC build/android/guest/obj/musl/third_party/musl-1.2.5/src/unistd/setgid.o
[872/1447] ANDROID CC build/android/guest/obj/musl/third_party/musl-1.2.5/src/unistd/setpgrp.o
[873/1447] ANDROID CC build/android/guest/obj/musl/third_party/musl-1.2.5/src/unistd/setpgid.o
[874/1447] ANDROID CC build/android/guest/obj/musl/third_party/musl-1.2.5/src/unistd/setresgid.o
[875/1447] ANDROID CC build/android/guest/obj/musl/third_party/musl-1.2.5/src/unistd/setregid.o
[876/1447] ANDROID CC build/android/guest/obj/musl/third_party/musl-1.2.5/src/unistd/rmdir.o
[877/1447] ANDROID CC build/android/guest/obj/musl/third_party/musl-1.2.5/src/unistd/setegid.o
[878/1447] ANDROID CC build/android/guest/obj/musl/third_party/musl-1.2.5/src/unistd/renameat.o
[879/1447] ANDROID CC build/android/guest/obj/musl/third_party/musl-1.2.5/src/unistd/setsid.o
[880/1447] ANDROID CC build/android/guest/obj/musl/third_party/musl-1.2.5/src/unistd/symlink.o
[881/1447] ANDROID CC build/android/guest/obj/musl/third_party/musl-1.2.5/src/unistd/truncate.o
[882/1447] ANDROID CC build/android/guest/obj/musl/third_party/musl-1.2.5/src/unistd/setuid.o
[883/1447] ANDROID CC build/android/guest/obj/musl/third_party/musl-1.2.5/src/unistd/setresuid.o
[884/1447] ANDROID CC build/android/guest/obj/musl/third_party/musl-1.2.5/src/unistd/setreuid.o
[885/1447] ANDROID CC build/android/guest/obj/musl/third_party/musl-1.2.5/src/unistd/sync.o
[886/1447] ANDROID CC build/android/guest/obj/musl/third_party/musl-1.2.5/src/unistd/tcgetpgrp.o
[887/1447] ANDROID CC build/android/guest/obj/musl/third_party/musl-1.2.5/src/unistd/symlinkat.o
[888/1447] ANDROID CC build/android/guest/obj/musl/third_party/musl-1.2.5/src/unistd/ttyname.o
[889/1447] ANDROID CC build/android/guest/obj/musl/third_party/musl-1.2.5/src/unistd/ttyname_r.o
[890/1447] ANDROID CC build/android/guest/obj/musl/third_party/musl-1.2.5/src/unistd/tcsetpgrp.o
[891/1447] ANDROID CC build/android/guest/obj/musl/third_party/musl-1.2.5/src/unistd/ualarm.o
[892/1447] ANDROID CC build/android/guest/obj/musl/third_party/musl-1.2.5/src/unistd/usleep.o
[893/1447] ANDROID CC build/android/guest/obj/musl/third_party/musl-1.2.5/src/unistd/unlinkat.o
[894/1447] ANDROID CC build/android/guest/obj/musl/third_party/musl-1.2.5/src/unistd/writev.o
[895/1447] ANDROID CC build/android/guest/obj/musl/third_party/musl-1.2.5/src/unistd/unlink.o
[896/1447] ANDROID CC build/android/guest/obj/musl/third_party/musl-1.2.5/src/unistd/sleep.o
[897/1447] ANDROID CC build/android/guest/obj/musl/third_party/musl-1.2.5/src/unistd/write.o
[898/1447] ANDROID CC build/android/guest/obj/musl/third_party/musl-1.2.5/src/unistd/setxid.o
[899/1447] ANDROID AR build/android/guest/libguestc.a
[900/1447] ANDROID CC build/android/guest/obj/source/ai/action_sleep.o
[901/1447] ANDROID CC build/android/guest/obj/source/ai/action_avoid.o
[902/1447] ANDROID CC build/android/guest/obj/source/ai/action_wait.o
[903/1447] ANDROID CC build/android/guest/obj/source/ai/action_fight.o
[904/1447] ANDROID CC build/android/guest/obj/source/ai/action_alert.o
[905/1447] ANDROID CC build/android/guest/obj/source/ai/actor_definitions.o
[906/1447] ANDROID CC build/android/guest/obj/source/ai/actor_type_crew.o
[907/1447] ANDROID CC build/android/guest/obj/source/ai/action_converse.o
[908/1447] ANDROID CC build/android/guest/obj/source/ai/action_search.o
[909/1447] ANDROID CC build/android/guest/obj/source/ai/action_guard.o
[910/1447] ANDROID CC build/android/guest/obj/source/ai/actor_type_engineer.o
[911/1447] ANDROID CC build/android/guest/obj/source/ai/actor_type_elite.o
[912/1447] ANDROID CC build/android/guest/obj/source/ai/actor_type_carrier.o
[913/1447] ANDROID CC build/android/guest/obj/source/ai/action_flee.o
[914/1447] ANDROID CC build/android/guest/obj/source/ai/action_uncover.o
[915/1447] ANDROID CC build/android/guest/obj/source/ai/action_vehicle.o
[916/1447] ANDROID CC build/android/guest/obj/source/ai/actor_type_hunter.o
[917/1447] ANDROID CC build/android/guest/obj/source/ai/actor_type_sentinel.o
[918/1447] ANDROID CC build/android/guest/obj/source/ai/actor_type_grunt.o
[919/1447] ANDROID CC build/android/guest/obj/source/ai/actor_type_flood.o
[920/1447] ANDROID CC build/android/guest/obj/source/ai/actor_type_mounted_weapon.o
[921/1447] ANDROID CC build/android/guest/obj/source/ai/action_charge.o
[922/1447] ANDROID CC build/android/guest/obj/source/ai/actor_types.o
[923/1447] ANDROID CC build/android/guest/obj/source/ai/actor_type_jackal.o
[924/1447] ANDROID CC build/android/guest/obj/source/ai/actor_type_marine.o
[925/1447] ANDROID CC build/android/guest/obj/source/ai/ai_scenario_definitions.o
[926/1447] ANDROID CC build/android/guest/obj/source/ai/actor_stimulus.o
[927/1447] ANDROID CC build/android/guest/obj/source/ai/ai_profile.o
[928/1447] ANDROID CC build/android/guest/obj/source/bitmaps/bitmap_compress.o
[929/1447] ANDROID CC build/android/guest/obj/source/ai/actor_type_infection.o
[930/1447] ANDROID CC build/android/guest/obj/source/ai/actor_combat.o
[931/1447] ANDROID CC build/android/guest/obj/source/ai/path_smoothing.o
[932/1447] ANDROID CC build/android/guest/obj/source/ai/action_obey.o
[933/1447] ANDROID CC build/android/guest/obj/source/ai/path_structure_bsp.o
[934/1447] ANDROID CC build/android/guest/obj/source/ai/path_obstacles.o
[935/1447] ANDROID CC build/android/guest/obj/source/ai/actor_looking.o
[936/1447] ANDROID CC build/android/guest/obj/source/bitmaps/color_table_group.o
[937/1447] ANDROID CC build/android/guest/obj/source/bitmaps/bitmap_group.o
[938/1447] ANDROID CC build/android/guest/obj/source/ai/props.o
[939/1447] ANDROID CC build/android/guest/obj/source/bitmaps/libtiff/tif_close.o
[940/1447] ANDROID CC build/android/guest/obj/source/ai/actor_moving.o
[941/1447] ANDROID CC build/android/guest/obj/source/bitmaps/libtiff/tif_aux.o
[942/1447] ANDROID CC build/android/guest/obj/source/bitmaps/libtiff/tif_ccittrle.o
[943/1447] ANDROID CC build/android/guest/obj/source/bitmaps/bitmap_drawing.o
[944/1447] ANDROID CC build/android/guest/obj/source/bink/bink_playback.o
[945/1447] ANDROID CC build/android/guest/obj/source/ai/path_obstacle_avoidance.o
[946/1447] ANDROID CC build/android/guest/obj/source/bitmaps/bitmaps_quantitize.o
[947/1447] ANDROID CC build/android/guest/obj/source/bitmaps/libtiff/tif_compat.o
[948/1447] ANDROID CC build/android/guest/obj/source/bitmaps/libtiff/tif_compress.o
[949/1447] ANDROID CC build/android/guest/obj/source/bitmaps/libtiff/tif_error.o
[950/1447] ANDROID CC build/android/guest/obj/source/bitmaps/libtiff/tif_dumpmode.o
[951/1447] ANDROID CC build/android/guest/obj/source/bitmaps/libtiff/tif_dirinfo.o
[952/1447] ANDROID CC build/android/guest/obj/source/ai/path.o
[953/1447] ANDROID CC build/android/guest/obj/source/bitmaps/libtiff/tif_flush.o
[954/1447] ANDROID CC build/android/guest/obj/source/bitmaps/libtiff/tif_dir.o
[955/1447] ANDROID CC build/android/guest/obj/source/bitmaps/libtiff/tif_jpeg.o
[956/1447] ANDROID CC build/android/guest/obj/source/ai/ai.o
[957/1447] ANDROID CC build/android/guest/obj/source/bitmaps/libtiff/tif_fax4.o
[958/1447] ANDROID CC build/android/guest/obj/source/bitmaps/libtiff/tif_machdep.o
[959/1447] ANDROID CC build/android/guest/obj/source/bitmaps/libtiff/tif_dirwrite.o
[960/1447] ANDROID CC build/android/guest/obj/source/ai/actions.o
[961/1447] ANDROID CC build/android/guest/obj/source/ai/actors.o
[962/1447] ANDROID CC build/android/guest/obj/source/bitmaps/libtiff/tif_next.o
[963/1447] ANDROID CC build/android/guest/obj/source/bitmaps/libtiff/tif_dirread.o
[964/1447] ANDROID CC build/android/guest/obj/source/bitmaps/libtiff/tif_swab.o
[965/1447] ANDROID CC build/android/guest/obj/source/bitmaps/libtiff/tif_strip.o
[966/1447] ANDROID CC build/android/guest/obj/source/ai/actor_firing_position.o
[967/1447] ANDROID CC build/android/guest/obj/source/bitmaps/libtiff/tif_open.o
[968/1447] ANDROID CC build/android/guest/obj/source/bitmaps/libtiff/tif_packbits.o
[969/1447] ANDROID CC build/android/guest/obj/source/bitmaps/libtiff/tif_version.o
[970/1447] ANDROID CC build/android/guest/obj/source/bitmaps/libtiff/tif_tile.o
[971/1447] ANDROID CC build/android/guest/obj/source/bitmaps/libtiff/tif_thunder.o
[972/1447] ANDROID CC build/android/guest/obj/source/bitmaps/libtiff/tif_warning.o
[973/1447] ANDROID CC build/android/guest/obj/source/bitmaps/bitmaps.o
[974/1447] ANDROID CC build/android/guest/obj/source/bitmaps/libtiff/tif_read.o
[975/1447] ANDROID CC build/android/guest/obj/source/bitmaps/libtiff/tif_print.o
[976/1447] ANDROID CC build/android/guest/obj/source/bitmaps/bitmap_extract.o
[977/1447] ANDROID CC build/android/guest/obj/source/bitmaps/libtiff/tif_lzw.o
[978/1447] ANDROID CC build/android/guest/obj/source/bungie_net/common/message_header.o
[979/1447] ANDROID CC build/android/guest/obj/source/bungie_net/common/message_encryption.o
[980/1447] ANDROID CC build/android/guest/obj/source/bitmaps/targa_file.o
[981/1447] ANDROID CC build/android/guest/obj/source/bungie_net/common/random_numbers.o
[982/1447] ANDROID CC build/android/guest/obj/source/bungie_net/common/key_agreement.o
[983/1447] ANDROID CC build/android/guest/obj/source/bitmaps/tiff_file.o
[984/1447] ANDROID CC build/android/guest/obj/source/bungie_net/network/transport_dns_winsock.o
[985/1447] ANDROID CC build/android/guest/obj/source/ai/ai_script.o
[986/1447] ANDROID CC build/android/guest/obj/source/bitmaps/libtiff/tif_write.o
[987/1447] ANDROID CC build/android/guest/obj/source/bungie_net/common/prime_numbers.o
[988/1447] ANDROID CC build/android/guest/obj/source/bungie_net/common/thread_win32.o
[989/1447] ANDROID CC build/android/guest/obj/source/bungie_net/common/public_key_crypt.o
[990/1447] ANDROID CC build/android/guest/obj/source/bungie_net/common/64bit_math.o
[991/1447] ANDROID CC build/android/guest/obj/source/bungie_net/network/transport_address.o
[992/1447] ANDROID CC build/android/guest/obj/source/bitmaps/bitmap_utilities.o
[993/1447] ANDROID CC build/android/guest/obj/source/ai/actor_perception.o
[994/1447] ANDROID CC build/android/guest/obj/source/camera/camera_track_definitions.o
[995/1447] ANDROID CC build/android/guest/obj/source/bungie_net/network/transport_endpoint_set_winsock.o
[996/1447] ANDROID CC build/android/guest/obj/source/cache/predicted_resources.o
[997/1447] ANDROID CC build/android/guest/obj/source/cache/physical_memory_map.o
[998/1447] ANDROID CC build/android/guest/obj/source/bitmaps/libtiff/tif_getimage.o
[999/1447] ANDROID CC build/android/guest/obj/source/camera/dead_camera.o
[1000/1447] ANDROID CC build/android/guest/obj/source/camera/bored_camera.o
[1001/1447] ANDROID CC build/android/guest/obj/source/camera/flying_camera.o
[1002/1447] ANDROID CC build/android/guest/obj/source/ai/encounters.o
[1003/1447] ANDROID CC build/android/guest/obj/source/bitmaps/s3tc/s3tc.o
[1004/1447] ANDROID CC build/android/guest/obj/source/camera/orbiting_camera.o
[1005/1447] ANDROID CC build/android/guest/obj/source/cache/xbox_sound_cache.o
[1006/1447] ANDROID CC build/android/guest/obj/source/camera/following_camera.o
[1007/1447] ANDROID CC build/android/guest/obj/source/cache/cache_files.o
[1008/1447] ANDROID CC build/android/guest/obj/source/camera/static_camera.o
[1009/1447] ANDROID CC build/android/guest/obj/source/camera/first_person_camera.o
[1010/1447] ANDROID CC build/android/guest/obj/source/camera/camera_scripting.o
[1011/1447] ANDROID CC build/android/guest/obj/source/camera/director.o
[1012/1447] ANDROID CC build/android/guest/obj/source/cache/xbox_texture_cache.o
[1013/1447] ANDROID CC build/android/guest/obj/source/camera/editor_flying_camera.o
[1014/1447] ANDROID CC build/android/guest/obj/source/cseries/cseries_windows.o
[1015/1447] ANDROID CC build/android/guest/obj/source/cache/cache_files_windows.o
[1016/1447] ANDROID CC build/android/guest/obj/source/cseries/headers.o
[1017/1447] ANDROID CC build/android/guest/obj/source/cutscene/recorded_animation_definitions.o
[1018/1447] ANDROID CC build/android/guest/obj/source/devices/device_definitions.o
[1019/1447] ANDROID CC build/android/guest/obj/source/bungie_net/network/transport_endpoint_winsock.o
[1020/1447] ANDROID CC build/android/guest/obj/source/cache/cache_files_decompress_windows.o
[1021/1447] ANDROID CC build/android/guest/obj/source/cseries/sort.o
[1022/1447] ANDROID CC build/android/guest/obj/source/cseries/progress.o
[1023/1447] ANDROID CC build/android/guest/obj/source/cseries/errors.o
[1024/1447] ANDROID CC build/android/guest/obj/source/cseries/cseries.o
[1025/1447] ANDROID CC build/android/guest/obj/source/cseries/debug_memory.o
[1026/1447] ANDROID CC build/android/guest/obj/source/cutscene/recorded_animation_initialize.o
[1027/1447] ANDROID CC build/android/guest/obj/source/bitmaps/libtiff/tif_fax3.o
[1028/1447] ANDROID CC build/android/guest/obj/source/dialogs/dialog_templates.o
[1029/1447] ANDROID CC build/android/guest/obj/source/cutscene/recorded_animation_playback_v1.o
[1030/1447] ANDROID CC build/android/guest/obj/source/devices/device_controls.o
[1031/1447] ANDROID CC build/android/guest/obj/source/cseries/stack_walk_windows.o
[1032/1447] ANDROID CC build/android/guest/obj/source/dialogs/dialog_controls.o
[1033/1447] ANDROID CC build/android/guest/obj/source/dialogs/button_control.o
[1034/1447] ANDROID CC build/android/guest/obj/source/cutscene/recorded_animation_playback.o
[1035/1447] ANDROID CC build/android/guest/obj/source/devices/device_light_fixtures.o
[1036/1447] ANDROID CC build/android/guest/obj/source/cutscene/cinematics.o
[1037/1447] ANDROID CC build/android/guest/obj/source/dialogs/dialogs.o
[1038/1447] ANDROID CC build/android/guest/obj/source/dialogs/list_control.o
[1039/1447] ANDROID CC build/android/guest/obj/source/ai/ai_communication.o
[1040/1447] ANDROID CC build/android/guest/obj/source/dialogs/picture_control.o
[1041/1447] ANDROID CC build/android/guest/obj/source/dialogs/edit_text_control.o
[1042/1447] ANDROID CC build/android/guest/obj/source/effects/decal_definitions.o
[1043/1447] ANDROID CC build/android/guest/obj/source/effects/contrail_definitions.o
[1044/1447] ANDROID CC build/android/guest/obj/source/dialogs/value_control.o
[1045/1447] ANDROID CC build/android/guest/obj/source/dialogs/static_text_control.o
[1046/1447] ANDROID CC build/android/guest/obj/source/dialogs/edit_text.o
[1047/1447] ANDROID CC build/android/guest/obj/source/cutscene/recorded_animations.o
[1048/1447] ANDROID CC build/android/guest/obj/source/effects/particle_system_definitions.o
[1049/1447] ANDROID CC build/android/guest/obj/source/editor/editor_stubs.o
[1050/1447] ANDROID CC build/android/guest/obj/source/devices/device_machines.o
[1051/1447] ANDROID CC build/android/guest/obj/source/effects/effect_definitions.o
[1052/1447] ANDROID CC build/android/guest/obj/source/effects/glass_definitions.o
[1053/1447] ANDROID CC build/android/guest/obj/source/effects/material_effect_definitions.o
[1054/1447] ANDROID CC build/android/guest/obj/source/effects/spheroids.o
[1055/1447] ANDROID CC build/android/guest/obj/source/effects/particle_definitions.o
[1056/1447] ANDROID CC build/android/guest/obj/source/effects/weather_particle_definitions.o
[1057/1447] ANDROID CC build/android/guest/obj/source/effects/spheroid_definitions.o
[1058/1447] ANDROID CC build/android/guest/obj/source/camera/observer.o
[1059/1447] ANDROID CC build/android/guest/obj/source/effects/material_effects.o
[1060/1447] ANDROID CC build/android/guest/obj/source/devices/devices.o
[1061/1447] ANDROID CC build/android/guest/obj/source/cseries/profile.o
[1062/1447] ANDROID CC build/android/guest/obj/source/effects/particles.o
[1063/1447] ANDROID CC build/android/guest/obj/source/game/game_engine_bomb.o
[1064/1447] ANDROID CC build/android/guest/obj/source/effects/contrails.o
[1065/1447] ANDROID CC build/android/guest/obj/source/game/game_engine_defend.o
[1066/1447] ANDROID CC build/android/guest/obj/source/game/game_engine_list.o
[1067/1447] ANDROID CC build/android/guest/obj/source/game/game_engine_multiplayer_sounds.o
[1068/1447] ANDROID CC build/android/guest/obj/source/game/game_allegiance.o
[1069/1447] ANDROID CC build/android/guest/obj/source/effects/player_effects.o
[1070/1447] ANDROID CC build/android/guest/obj/source/game/cheats.o
[1071/1447] ANDROID CC build/android/guest/obj/source/game/game_engine_stub.o
[1072/1447] ANDROID CC build/android/guest/obj/source/game/game_engine_terminator.o
[1073/1447] ANDROID CC build/android/guest/obj/source/game/game_engine_ctf.o
[1074/1447] ANDROID CC build/android/guest/obj/source/effects/particle_systems.o
[1075/1447] ANDROID CC build/android/guest/obj/source/game/game_globals.o
[1076/1447] ANDROID CC build/android/guest/obj/source/ai/ai_debug.o
[1077/1447] ANDROID CC build/android/guest/obj/source/game/aim_assist.o
[1078/1447] ANDROID CC build/android/guest/obj/source/game/game_statistics.o
[1079/1447] ANDROID CC build/android/guest/obj/source/game/game_engine_slayer.o
[1080/1447] ANDROID CC build/android/guest/obj/source/effects/weather_particle_systems.o
[1081/1447] ANDROID CC build/android/guest/obj/source/game/game.o
[1082/1447] ANDROID CC build/android/guest/obj/source/game/player_rumble_definition.o
[1083/1447] ANDROID CC build/android/guest/obj/source/game/game_engine_race.o
[1084/1447] ANDROID CC build/android/guest/obj/source/input/input_windows.o
[1085/1447] ANDROID CC build/android/guest/obj/source/game/game_engine_king.o
[1086/1447] ANDROID CC build/android/guest/obj/source/game/player_rumble.o
[1087/1447] ANDROID CC build/android/guest/obj/source/hs/hs_scenario_definitions.o
[1088/1447] ANDROID CC build/android/guest/obj/source/game/game_engine_oddball.o
[1089/1447] ANDROID CC build/android/guest/obj/source/game/game_time.o
[1090/1447] ANDROID CC build/android/guest/obj/source/hs/object_lists.o
[1091/1447] ANDROID CC build/android/guest/obj/source/effects/effects.o
[1092/1447] ANDROID CC build/android/guest/obj/source/hs/hs_library_external.o
[1093/1447] ANDROID CC build/android/guest/obj/source/input/HaloAutoTest.o
[1094/1447] ANDROID CC build/android/guest/obj/source/interface/hud_definitions.o
[1095/1447] ANDROID CC build/android/guest/obj/source/interface/event_manager.o
[1096/1447] ANDROID CC build/android/guest/obj/source/interface/attract_mode.o
[1097/1447] ANDROID CC build/android/guest/obj/source/game/player_queues_new.o
[1098/1447] ANDROID CC build/android/guest/obj/source/interface/hud_messaging_definitions.o
[1099/1447] ANDROID CC build/android/guest/obj/source/effects/decals.o
[1100/1447] ANDROID CC build/android/guest/obj/source/hs/hs_globals_external.o
[1101/1447] ANDROID CC build/android/guest/obj/source/interface/hud_sounds.o
[1102/1447] ANDROID CC build/android/guest/obj/source/input/input_abstraction.o
[1103/1447] ANDROID CC build/android/guest/obj/source/input/input_xbox.o
[1104/1447] ANDROID CC build/android/guest/obj/source/interface/inventory_displays.o
[1105/1447] ANDROID CC build/android/guest/obj/source/interface/meters.o
[1106/1447] ANDROID CC build/android/guest/obj/source/interface/meter_definitions.o
[1107/1447] ANDROID CC build/android/guest/obj/source/interface/interface_panels.o
[1108/1447] ANDROID CC build/android/guest/obj/source/game/player_control.o
[1109/1447] ANDROID CC build/android/guest/obj/source/interface/marketing_and_strategic_business_development.o
[1110/1447] ANDROID CC build/android/guest/obj/source/interface/hud.o
[1111/1447] ANDROID CC build/android/guest/obj/source/interface/first_person_weapons.o
[1112/1447] ANDROID CC build/android/guest/obj/source/interface/overhead_map.o
[1113/1447] ANDROID CC build/android/guest/obj/source/interface/terminal.o
[1114/1447] ANDROID CC build/android/guest/obj/source/interface/unit_hud_interface_definition.o
[1115/1447] ANDROID CC build/android/guest/obj/source/interface/hud_messaging.o
[1116/1447] ANDROID CC build/android/guest/obj/source/interface/hud_nav_points.o
[1117/1447] ANDROID CC build/android/guest/obj/source/interface/ui_widget_group.o
[1118/1447] ANDROID CC build/android/guest/obj/source/interface/player_ui.o
[1119/1447] ANDROID CC build/android/guest/obj/source/interface/ui_widget_text_search_and_replace_functions.o
[1120/1447] ANDROID CC build/android/guest/obj/source/interface/hud_unit.o
[1121/1447] ANDROID CC build/android/guest/obj/source/hs/hs_compile.o
[1122/1447] ANDROID CC build/android/guest/obj/source/interface/weapon_hud_interface_definition.o
[1123/1447] ANDROID CC build/android/guest/obj/source/items/equipment.o
[1124/1447] ANDROID CC build/android/guest/obj/source/items/equipment_definitions.o
[1125/1447] ANDROID CC build/android/guest/obj/source/hs/hs_runtime.o
[1126/1447] ANDROID CC build/android/guest/obj/source/items/garbage.o
[1127/1447] ANDROID CC build/android/guest/obj/source/items/garbage_definitions.o
[1128/1447] ANDROID CC build/android/guest/obj/source/interface/hud_weapon.o
[1129/1447] ANDROID CC build/android/guest/obj/source/items/item_definitions.o
[1130/1447] ANDROID CC build/android/guest/obj/source/interface/progress_bar.o
[1131/1447] ANDROID CC build/android/guest/obj/source/items/weapon_interfaces.o
[1132/1447] ANDROID CC build/android/guest/obj/source/items/projectile_definitions.o
[1133/1447] ANDROID CC build/android/guest/obj/source/interface/motion_sensor.o
[1134/1447] ANDROID CC build/android/guest/obj/source/interface/interface.o
[1135/1447] ANDROID CC build/android/guest/obj/source/items/weapon_definitions.o
[1136/1447] ANDROID CC build/android/guest/obj/source/interface/virtual_keyboard.o
[1137/1447] ANDROID CC build/android/guest/obj/source/main/restricted_beta.o
[1138/1447] ANDROID CC build/android/guest/obj/source/main/debug_keys.o
[1139/1447] ANDROID CC build/android/guest/obj/source/game/players.o
[1140/1447] ANDROID CC build/android/guest/obj/source/interface/hud_draw.o
[1141/1447] ANDROID CC build/android/guest/obj/source/main/console.o
[1142/1447] ANDROID CC build/android/guest/obj/source/math/probability.o
[1143/1447] ANDROID CC build/android/guest/obj/source/math/trig_math.o
[1144/1447] ANDROID CC build/android/guest/obj/source/math/vector_tree.o
[1145/1447] ANDROID CC build/android/guest/obj/source/math/integer_math.o
[1146/1447] ANDROID CC build/android/guest/obj/source/math/periodic_functions.o
[1147/1447] ANDROID CC build/android/guest/obj/source/items/items.o
[1148/1447] ANDROID CC build/android/guest/obj/source/memory/array.o
[1149/1447] ANDROID CC build/android/guest/obj/source/memory/crc.o
[1150/1447] ANDROID CC build/android/guest/obj/source/memory/circular_queue.o
[1151/1447] ANDROID CC build/android/guest/obj/source/math/matrix_math.o
[1152/1447] ANDROID CC build/android/guest/obj/source/math/random_math.o
[1153/1447] ANDROID CC build/android/guest/obj/source/memory/byte_swapping.o
[1154/1447] ANDROID CC build/android/guest/obj/source/memory/data_compress.o
[1155/1447] ANDROID CC build/android/guest/obj/source/memory/fibonacci_heap.o
[1156/1447] ANDROID CC build/android/guest/obj/source/memory/sl_list.o
[1157/1447] ANDROID CC build/android/guest/obj/source/memory/data_packet_groups.o
[1158/1447] ANDROID CC build/android/guest/obj/source/memory/lru_cache.o
[1159/1447] ANDROID CC build/android/guest/obj/source/memory/lra_cache.o
[1160/1447] ANDROID CC build/android/guest/obj/source/memory/data.o
[1161/1447] ANDROID CC build/android/guest/obj/source/memory/lrar_cache.o
[1162/1447] ANDROID CC build/android/guest/obj/source/memory/data_encoding.o
[1163/1447] ANDROID CC build/android/guest/obj/source/memory/data_packets.o
[1164/1447] ANDROID CC build/android/guest/obj/source/memory/zlib/compress.o
[1165/1447] ANDROID CC build/android/guest/obj/source/memory/memory_pool.o
[1166/1447] ANDROID CC build/android/guest/obj/source/game/game_engine.o
[1167/1447] ANDROID CC build/android/guest/obj/source/items/projectiles.o
[1168/1447] ANDROID CC build/android/guest/obj/source/memory/hashtable.o
[1169/1447] ANDROID CC build/android/guest/obj/source/hs/hs.o
[1170/1447] ANDROID CC build/android/guest/obj/source/interface/ui_widget_game_data_input_functions.o
[1171/1447] ANDROID CC build/android/guest/obj/source/memory/zlib/crc32.o
[1172/1447] ANDROID CC build/android/guest/obj/source/memory/lruv_cache.o
[1173/1447] ANDROID CC build/android/guest/obj/source/memory/texture_page.o
[1174/1447] ANDROID CC build/android/guest/obj/source/memory/zlib/adler32.o
[1175/1447] ANDROID CC build/android/guest/obj/source/main/main.o
[1176/1447] ANDROID CC build/android/guest/obj/source/memory/zlib/inffast.o
[1177/1447] ANDROID CC build/android/guest/obj/source/memory/zlib/zutil.o
[1178/1447] ANDROID CC build/android/guest/obj/source/memory/stack_memory_pool.o
[1179/1447] ANDROID CC build/android/guest/obj/source/models/model_definitions.o
[1180/1447] ANDROID CC build/android/guest/obj/source/memory/zlib/uncompr.o
[1181/1447] ANDROID CC build/android/guest/obj/source/items/weapons.o
[1182/1447] ANDROID CC build/android/guest/obj/source/memory/zlib/infcodes.o
[1183/1447] ANDROID CC build/android/guest/obj/source/memory/zlib/inflate.o
[1184/1447] ANDROID CC build/android/guest/obj/source/memory/zlib/gzio.o
[1185/1447] ANDROID CC build/android/guest/obj/source/models/model_animation_definitions.o
[1186/1447] ANDROID CC build/android/guest/obj/source/memory/zlib/infutil.o
[1187/1447] ANDROID CC build/android/guest/obj/source/memory/zlib/infblock.o
[1188/1447] ANDROID CC build/android/guest/obj/source/memory/zlib/inftrees.o
[1189/1447] ANDROID CC build/android/guest/obj/source/interface/ui_widget_event_handler_functions.o
[1190/1447] ANDROID CC build/android/guest/obj/source/math/real_math.o
[1191/1447] ANDROID CC build/android/guest/obj/source/networking/network_game_preferences.o
[1192/1447] ANDROID CC build/android/guest/obj/source/networking/network_game_ui.o
[1193/1447] ANDROID CC build/android/guest/obj/source/objects/damage_effect_definitions.o
[1194/1447] ANDROID CC build/android/guest/obj/source/math/geometry.o
[1195/1447] ANDROID CC build/android/guest/obj/source/networking/network_game_globals.o
[1196/1447] ANDROID CC build/android/guest/obj/source/memory/zlib/deflate.o
[1197/1447] ANDROID CC build/android/guest/obj/source/objects/object_definitions.o
[1198/1447] ANDROID CC build/android/guest/obj/source/networking/network_client_message_handler.o
[1199/1447] ANDROID CC build/android/guest/obj/source/objects/light_definitions.o
[1200/1447] ANDROID CC build/android/guest/obj/source/models/models.o
[1201/1447] ANDROID CC build/android/guest/obj/source/objects/object_deleted_procs.o
[1202/1447] ANDROID CC build/android/guest/obj/source/networking/telnet_console.o
[1203/1447] ANDROID CC build/android/guest/obj/source/objects/object_shadows.o
[1204/1447] ANDROID CC build/android/guest/obj/source/memory/zlib/trees.o
[1205/1447] ANDROID CC build/android/guest/obj/source/objects/scenery_group.o
[1206/1447] ANDROID CC build/android/guest/obj/source/networking/network_game_manager.o
[1207/1447] ANDROID CC build/android/guest/obj/source/networking/network_messages.o
[1208/1447] ANDROID CC build/android/guest/obj/source/objects/scenery.o
[1209/1447] ANDROID CC build/android/guest/obj/source/objects/widgets/aleph.o
[1210/1447] ANDROID CC build/android/guest/obj/source/objects/placeholder_definitions.o
[1211/1447] ANDROID CC build/android/guest/obj/source/objects/widgets/cellular_automata.o
[1212/1447] ANDROID CC build/android/guest/obj/source/interface/ui_widget.o
[1213/1447] ANDROID CC build/android/guest/obj/source/objects/widgets/antenna_definitions.o
[1214/1447] ANDROID CC build/android/guest/obj/source/objects/widgets/cellular_automata2d.o
[1215/1447] ANDROID CC build/android/guest/obj/source/objects/widgets/flag_definitions.o
[1216/1447] ANDROID CC build/android/guest/obj/source/objects/widgets/light_volume_definitions.o
[1217/1447] ANDROID CC build/android/guest/obj/source/objects/widgets/glow_definitions.o
[1218/1447] ANDROID CC build/android/guest/obj/source/physics/bsp2d.o
[1219/1447] ANDROID CC build/android/guest/obj/source/objects/widgets/lightning_definitions.o
[1220/1447] ANDROID CC build/android/guest/obj/source/networking/network_connection.o
[1221/1447] ANDROID CC build/android/guest/obj/source/objects/widgets/antenna.o
[1222/1447] ANDROID CC build/android/guest/obj/source/physics/collision_model_definitions.o
[1223/1447] ANDROID CC build/android/guest/obj/source/physics/collision_bsp_definitions.o
[1224/1447] ANDROID CC build/android/guest/obj/source/objects/widgets/light_volumes.o
[1225/1447] ANDROID CC build/android/guest/obj/source/objects/widgets/widgets.o
[1226/1447] ANDROID CC build/android/guest/obj/source/networking/network_client_manager.o
[1227/1447] ANDROID CC build/android/guest/obj/source/physics/bsp3d.o
[1228/1447] ANDROID CC build/android/guest/obj/source/networking/network_server_message_handler.o
[1229/1447] ANDROID CC build/android/guest/obj/source/models/model_animations.o
[1230/1447] ANDROID CC build/android/guest/obj/source/objects/damage.o
[1231/1447] ANDROID CC build/android/guest/obj/source/objects/widgets/flags.o
[1232/1447] ANDROID CC build/android/guest/obj/source/objects/widgets/lightning.o
[1233/1447] ANDROID CC build/android/guest/obj/source/physics/breakable_surfaces.o
[1234/1447] ANDROID CC build/android/guest/obj/source/physics/physics_definitions.o
[1235/1447] ANDROID CC build/android/guest/obj/source/objects/widgets/glow.o
[1236/1447] ANDROID CC build/android/guest/obj/source/rasterizer/common/rasterizer_common.o
[1237/1447] ANDROID CC build/android/guest/obj/source/physics/collision_usage.o
[1238/1447] ANDROID CC build/android/guest/obj/source/objects/object_types.o
[1239/1447] ANDROID CC build/android/guest/obj/source/physics/physics_variables.o
[1240/1447] ANDROID CC build/android/guest/obj/source/physics/collision_models.o
[1241/1447] ANDROID CC build/android/guest/obj/source/physics/terrain_definitions.o
[1242/1447] ANDROID CC build/android/guest/obj/source/objects/object_lights.o
[1243/1447] ANDROID CC build/android/guest/obj/source/physics/point_physics.o
[1244/1447] ANDROID CC build/android/guest/obj/source/rasterizer/rasterizer_memory_pool.o
[1245/1447] ANDROID CC build/android/guest/obj/source/rasterizer/rasterizer_cinematics.o
[1246/1447] ANDROID CC build/android/guest/obj/source/physics/collision_debug.o
[1247/1447] ANDROID CC build/android/guest/obj/source/physics/collision_bsp.o
[1248/1447] ANDROID CC build/android/guest/obj/source/rasterizer/rasterizer_debug.o
[1249/1447] ANDROID CC build/android/guest/obj/source/rasterizer/rasterizer_frame_statistics.o
[1250/1447] ANDROID CC build/android/guest/obj/source/rasterizer/rasterizer_geometry.o
[1251/1447] ANDROID CC build/android/guest/obj/source/physics/collision_features.o
[1252/1447] ANDROID CC build/android/guest/obj/source/rasterizer/rasterizer_transparent_geometry.o
[1253/1447] ANDROID CC build/android/guest/obj/source/rasterizer/xbox/rasterizer_xbox_active_camouflage.o
[1254/1447] ANDROID CC build/android/guest/obj/source/rasterizer/rasterizer.o
[1255/1447] ANDROID CC build/android/guest/obj/source/rasterizer/xbox/rasterizer_xbox_debug.o
[1256/1447] ANDROID CC build/android/guest/obj/source/rasterizer/rasterizer_swizzle.o
[1257/1447] ANDROID CC build/android/guest/obj/source/rasterizer/rasterizer_lights.o
[1258/1447] ANDROID CC build/android/guest/obj/source/rasterizer/xbox/rasterizer_xbox_errors.o
[1259/1447] ANDROID CC build/android/guest/obj/source/rasterizer/xbox/rasterizer_xbox_hardware_geometry.o
[1260/1447] ANDROID CC build/android/guest/obj/source/rasterizer/xbox/rasterizer_xbox_decals.o
[1261/1447] ANDROID CC build/android/guest/obj/source/rasterizer/xbox/rasterizer_xbox_hardware_bitmaps.o
[1262/1447] ANDROID CC build/android/guest/obj/source/physics/collisions.o
[1263/1447] ANDROID CC build/android/guest/obj/source/rasterizer/xbox/rasterizer_xbox_detail_objects.o
[1264/1447] ANDROID CC build/android/guest/obj/source/rasterizer/xbox/rasterizer_xbox_dynavobgeom.o
[1265/1447] ANDROID CC build/android/guest/obj/source/networking/network_server_manager.o
[1266/1447] ANDROID CC build/android/guest/obj/source/rasterizer/xbox/rasterizer_xbox_plasma_energy.o
[1267/1447] ANDROID CC build/android/guest/obj/source/rasterizer/xbox/rasterizer_xbox_motion_sensor.o
[1268/1447] ANDROID CC build/android/guest/obj/source/rasterizer/xbox/rasterizer_xbox_draw_primitives.o
[1269/1447] ANDROID CC build/android/guest/obj/source/rasterizer/xbox/rasterizer_xbox_vertex_shaders_initialize.o
[1270/1447] ANDROID CC build/android/guest/obj/source/rasterizer/xbox/shader_transparent_chicago_preprocessor.o
[1271/1447] ANDROID CC build/android/guest/obj/source/rasterizer/xbox/rasterizer_xbox_lights.o
[1272/1447] ANDROID CC build/android/guest/obj/source/rasterizer/xbox/rasterizer_xbox_text.o
[1273/1447] ANDROID CC build/android/guest/obj/source/physics/physics.o
[1274/1447] ANDROID CC build/android/guest/obj/source/rasterizer/xbox/rasterizer_xbox_shadows.o
[1275/1447] ANDROID CC build/android/guest/obj/source/rasterizer/xbox/rasterizer_xbox_environment_fog.o
[1276/1447] ANDROID CC build/android/guest/obj/source/rasterizer/xbox/rasterizer_xbox_profile.o
[1277/1447] ANDROID CC build/android/guest/obj/source/rasterizer/xbox/rasterizer_xbox_vertex_shaders_runtime.o
[1278/1447] ANDROID CC build/android/guest/obj/source/render/render_detail_objects.o
[1279/1447] ANDROID CC build/android/guest/obj/source/rasterizer/xbox/rasterizer_xbox_vertex_shaders.o
[1280/1447] ANDROID CC build/android/guest/obj/source/render/render_media.o
[1281/1447] ANDROID CC build/android/guest/obj/source/rasterizer/xbox/rasterizer_xbox_screen_effect.o
[1282/1447] ANDROID CC build/android/guest/obj/source/rasterizer/xbox/shader_transparent_generic_preprocessor.o
[1283/1447] ANDROID CC build/android/guest/obj/source/rasterizer/rasterizer_text.o
[1284/1447] ANDROID CC build/android/guest/obj/source/rasterizer/xbox/rasterizer_xbox.o
[1285/1447] ANDROID CC build/android/guest/obj/source/render/render.o
[1286/1447] ANDROID CC build/android/guest/obj/source/rasterizer/xbox/rasterizer_xbox_water.o
[1287/1447] ANDROID CC build/android/guest/obj/source/rasterizer/xbox/rasterizer_xbox_models.o
[1288/1447] ANDROID CC build/android/guest/obj/source/rasterizer/xbox/rasterizer_xbox_widgets.o
[1289/1447] ANDROID CC build/android/guest/obj/source/render/render_contrails.o
[1290/1447] ANDROID CC 'build/android/guest/obj/source/saved films/saved_films.o'
[1291/1447] ANDROID CC build/android/guest/obj/source/render/triangle_strips.o
[1292/1447] ANDROID CC build/android/guest/obj/source/render/render_particles.o
[1293/1447] ANDROID CC build/android/guest/obj/source/render/render_sky.o
[1294/1447] ANDROID CC build/android/guest/obj/source/scenario/multiplayer_scenario_description.o
[1295/1447] ANDROID CC build/android/guest/obj/source/scenario/fog_definitions.o
[1296/1447] ANDROID CC build/android/guest/obj/source/scenario/sky_definitions.o
[1297/1447] ANDROID CC build/android/guest/obj/source/rasterizer/xbox/rasterizer_xbox_environment.o
[1298/1447] ANDROID CC build/android/guest/obj/source/scenario/scenario_definitions.o
[1299/1447] ANDROID CC 'build/android/guest/obj/source/saved games/game_state_xbox.o'
[1300/1447] ANDROID CC build/android/guest/obj/source/scenario/wind_definitions.o
[1301/1447] ANDROID CC build/android/guest/obj/source/shaders/shader_definitions.o
[1302/1447] ANDROID CC 'build/android/guest/obj/source/saved games/game_state.o'
[1303/1447] ANDROID CC build/android/guest/obj/source/render/render_sprite.o
[1304/1447] ANDROID CC build/android/guest/obj/source/render/render_objects.o
[1305/1447] ANDROID CC build/android/guest/obj/source/shell/shell_windows.o
[1306/1447] ANDROID CC 'build/android/guest/obj/source/saved games/player_profile.o'
[1307/1447] ANDROID CC build/android/guest/obj/source/shell/shell.o
[1308/1447] ANDROID CC build/android/guest/obj/source/rasterizer/xbox/rasterizer_xbox_transparent_geometry.o
[1309/1447] ANDROID CC build/android/guest/obj/source/render/render_debug.o
[1310/1447] ANDROID CC build/android/guest/obj/source/sound/sound_import/sound_import.o
[1311/1447] ANDROID CC build/android/guest/obj/source/shell/shell_xbox.o
[1312/1447] ANDROID CC build/android/guest/obj/source/render/render_cameras.o
[1313/1447] ANDROID CC build/android/guest/obj/source/sound/sound_environment_definitions.o
[1314/1447] ANDROID CC build/android/guest/obj/source/scenario/wind.o
[1315/1447] ANDROID CC build/android/guest/obj/source/objects/objects.o
[1316/1447] ANDROID CC 'build/android/guest/obj/source/saved games/playlist_profile.o'
[1317/1447] ANDROID CC build/android/guest/obj/source/sound/ima_adpcm.o
[1318/1447] ANDROID CC build/android/guest/obj/source/sound/sound_scenery_group.o
[1319/1447] ANDROID CC build/android/guest/obj/source/shaders/shaders.o
[1320/1447] ANDROID CC build/android/guest/obj/source/sound/sound_preferences.o
[1321/1447] ANDROID CC build/android/guest/obj/source/sound/sound_import/sound_aiff.o
[1322/1447] ANDROID CC build/android/guest/obj/source/sound/sound_classes.o
[1323/1447] ANDROID CC build/android/guest/obj/source/sound/sound_import/sound_wave.o
[1324/1447] ANDROID CC build/android/guest/obj/source/structures/radiosity/intermediate_radiosity.o
[1325/1447] ANDROID CC build/android/guest/obj/source/sound/sound_definitions.o
[1326/1447] ANDROID CC build/android/guest/obj/source/structures/radiosity/radiosity_io.o
[1327/1447] ANDROID CC build/android/guest/obj/source/structures/detail_object_definitions.o
[1328/1447] ANDROID CC build/android/guest/obj/source/sound/sound_scenery.o
[1329/1447] ANDROID CC build/android/guest/obj/source/structures/radiosity/radiosity.o
[1330/1447] ANDROID CC build/android/guest/obj/source/structures/cluster_partitions.o
[1331/1447] ANDROID CC build/android/guest/obj/source/tag_files/tag_files_xbox.o
[1332/1447] ANDROID CC build/android/guest/obj/source/tag_files/tag_files.o
[1333/1447] ANDROID CC build/android/guest/obj/source/structures/structure_bsp_definitions.o
[1334/1447] ANDROID CC build/android/guest/obj/source/sound/game_sound.o
[1335/1447] ANDROID CC build/android/guest/obj/source/structures/structure_runtime_decals.o
[1336/1447] ANDROID CC build/android/guest/obj/source/text/font_group.o
[1337/1447] ANDROID CC build/android/guest/obj/source/scenario/scenario.o
[1338/1447] ANDROID CC build/android/guest/obj/source/tag_files/tag_groups.o
[1339/1447] ANDROID CC 'build/android/guest/obj/source/saved games/saved_game_files.o'
[1340/1447] ANDROID CC build/android/guest/obj/source/units/biped_definitions.o
[1341/1447] ANDROID CC build/android/guest/obj/source/structures/structure_detail_objects.o
[1342/1447] ANDROID CC build/android/guest/obj/source/text/text_group.o
[1343/1447] ANDROID CC build/android/guest/obj/source/text/international_strings.o
[1344/1447] ANDROID CC build/android/guest/obj/source/structures/structure_lens_flares.o
[1345/1447] ANDROID CC build/android/guest/obj/source/units/dialogue_definitions.o
[1346/1447] ANDROID CC build/android/guest/obj/source/tag_files/files_windows.o
[1347/1447] ANDROID CC build/android/guest/obj/source/units/unit_definitions.o
[1348/1447] ANDROID CC build/android/guest/obj/source/tool/connected_geometry.o
[1349/1447] ANDROID CC build/android/guest/obj/source/tag_files/files.o
[1350/1447] ANDROID CC build/android/guest/obj/source/units/unit_scripting_commands.o
[1351/1447] ANDROID CC build/android/guest/obj/source/structures/leaf_map.o
[1352/1447] ANDROID CC build/android/guest/obj/source/structures/structures.o
[1353/1447] ANDROID CC build/android/guest/obj/source/units/vehicle_definitions.o
[1354/1447] ANDROID CC build/android/guest/obj/port/linux/game/hud_hires_tags.o
[1355/1447] ANDROID CC build/android/guest/obj/source/tool/error_geometry.o
[1356/1447] ANDROID CC build/android/guest/obj/source/text/unicode.o
[1357/1447] ANDROID CC build/android/guest/obj/source/sound/sound_dsound_xbox.o
[1358/1447] ANDROID CC build/android/guest/obj/source/structures/structure_render.o
[1359/1447] ANDROID CC build/android/guest/obj/source/text/draw_string.o
[1360/1447] ANDROID CC build/android/guest/obj/source/units/unit_dialogue.o
[1361/1447] ANDROID CC build/android/guest/obj/source/structures/structure_visibility.o
[1362/1447] ANDROID CC build/android/guest/obj/source/units/biped_limp_noodle.o
[1363/1447] ANDROID CC build/android/guest/obj/port/linux/src/bink_null.o
[1364/1447] ANDROID CC build/android/guest/obj/port/linux/game/msvc_comdat.o
[1365/1447] ANDROID CC build/android/guest/obj/port/linux/game/pal_tags.o
[1366/1447] ANDROID CC build/android/guest/obj/port/linux/src/d3d8_resources.o
[1367/1447] ANDROID CC build/android/guest/obj/source/sound/sound_manager.o
[1368/1447] ANDROID CC build/android/guest/obj/port/linux/game/render_interpolation.o
[1369/1447] ANDROID CC build/android/guest/obj/port/linux/src/halo_linker_common.o
[1370/1447] ANDROID CC build/android/guest/obj/port/linux/src/hud_hires.o
[1371/1447] ANDROID CC build/android/guest/obj/port/linux/src/gl_functions.o
[1372/1447] ANDROID CC build/android/guest/obj/port/linux/game/network_test.o
[1373/1447] ANDROID CC build/android/guest/obj/port/linux/src/nv2a_vsh.o
[1374/1447] ANDROID CC build/android/guest/obj/port/linux/src/dsound_sdl.o
[1375/1447] ANDROID CC build/android/guest/obj/source/units/vehicles.o
[1376/1447] ANDROID CC build/android/guest/obj/port/linux/src/msvc_crt.o
[1377/1447] ANDROID CC build/android/guest/obj/port/linux/game/menu_tags.o
[1378/1447] ANDROID CC build/android/guest/obj/port/linux/src/xbdm.o
[1379/1447] ANDROID CC build/android/guest/obj/port/linux/src/nv2a_psh.o
[1380/1447] ANDROID CC build/android/guest/obj/port/linux/src/updater.o
[1381/1447] ANDROID CC build/android/guest/obj/port/linux/game/network_damage.o
[1382/1447] ANDROID CC build/android/guest/obj/port/linux/src/menu_files.o
[1383/1447] ANDROID CC build/android/guest/obj/port/linux/src/p2p_discord.o
[1384/1447] ANDROID CC build/android/guest/obj/port/linux/src/msvc_wide.o
[1385/1447] ANDROID CC build/android/guest/obj/port/linux/src/sdl_platform.o
[1386/1447] ANDROID CC build/android/guest/obj/port/linux/src/xiso.o
[1387/1447] ANDROID CC build/android/guest/obj/port/linux/src/xgpu_text.o
[1388/1447] ANDROID CC build/android/guest/obj/port/linux/src/xbox_memory.o
[1389/1447] ANDROID CC build/android/guest/obj/port/linux/src/xbox_xapi.o
[1390/1447] ANDROID CC build/android/guest/obj/port/linux/game/network_objects.o
[1391/1447] ANDROID CC build/android/guest/obj/source/units/bipeds.o
[1392/1447] ANDROID CC build/android/guest/obj/port/linux/src/p2p_signal.o
[1393/1447] ANDROID CC build/android/guest/obj/port/linux/src/port_config.o
[1394/1447] ANDROID CC build/android/guest/obj/port/linux/src/p2p_crypto.o
[1395/1447] ANDROID CC build/android/guest/obj/port/third_party/musl-math/src/__cos.o
[1396/1447] ANDROID CC build/android/guest/obj/port/third_party/musl-math/src/__math_divzero.o
[1397/1447] ANDROID CC build/android/guest/obj/port/linux/src/xbox_files.o
[1398/1447] ANDROID CC build/android/guest/obj/port/third_party/expat/xmlrole.o
[1399/1447] ANDROID CC build/android/guest/obj/port/linux/src/xbox_kernel.o
[1400/1447] ANDROID CC build/android/guest/obj/port/linux/src/xnet.o
[1401/1447] ANDROID CC build/android/guest/obj/port/third_party/musl-math/src/__math_invalid.o
[1402/1447] ANDROID CC build/android/guest/obj/port/third_party/musl-math/src/__math_oflow.o
[1403/1447] ANDROID CC build/android/guest/obj/port/third_party/musl-math/src/__math_uflow.o
[1404/1447] ANDROID CC build/android/guest/obj/port/linux/src/xinput_sdl.o
[1405/1447] ANDROID CC build/android/guest/obj/port/third_party/musl-math/src/__math_xflow.o
[1406/1447] ANDROID CC build/android/guest/obj/port/third_party/musl-math/src/__rem_pio2.o
[1407/1447] ANDROID CC build/android/guest/obj/port/third_party/musl-math/src/__sin.o
[1408/1447] ANDROID CC build/android/guest/obj/port/third_party/musl-math/src/asin.o
[1409/1447] ANDROID CC build/android/guest/obj/port/third_party/musl-math/src/atan2.o
[1410/1447] ANDROID CC build/android/guest/obj/port/third_party/musl-math/src/__tan.o
[1411/1447] ANDROID CC build/android/guest/obj/port/third_party/musl-math/src/atan.o
[1412/1447] ANDROID CC build/android/guest/obj/port/third_party/musl-math/src/acos.o
[1413/1447] ANDROID CC build/android/guest/obj/port/linux/src/xbox_textures.o
[1414/1447] ANDROID CC build/android/guest/obj/port/third_party/musl-math/src/cos.o
[1415/1447] ANDROID CC build/android/guest/obj/port/third_party/musl-math/src/exp_data.o
[1416/1447] ANDROID CC build/android/guest/obj/port/third_party/musl-math/src/log.o
[1417/1447] ANDROID CC build/android/guest/obj/port/third_party/musl-math/src/exp.o
[1418/1447] ANDROID CC build/android/guest/obj/port/third_party/kcp/ikcp.o
[1419/1447] ANDROID CC build/android/guest/obj/port/third_party/musl-math/src/log2_data.o
[1420/1447] ANDROID CC build/android/guest/obj/port/third_party/musl-math/src/log10.o
[1421/1447] ANDROID CC build/android/guest/obj/port/third_party/musl-math/src/log_data.o
[1422/1447] ANDROID CC build/android/guest/obj/port/third_party/musl-math/src/__rem_pio2_large.o
[1423/1447] ANDROID CC build/android/guest/obj/port/third_party/musl-math/src/log2.o
[1424/1447] ANDROID CC build/android/guest/obj/port/linux/game/network_distributed.o
[1425/1447] ANDROID CC build/android/guest/obj/port/third_party/musl-math/src/sin.o
[1426/1447] ANDROID CC build/android/guest/obj/port/third_party/musl-math/src/pow.o
[1427/1447] ANDROID CC build/android/guest/obj/port/android/guest/runtime/guest_memory_watch.o
[1428/1447] ANDROID CC build/android/guest/obj/port/android/guest/runtime/guest_start.o
[1429/1447] ANDROID CC build/android/guest/obj/port/third_party/musl-math/src/tan.o
[1430/1447] ANDROID CC build/android/guest/obj/port/android/guest/runtime/guest_syscall.o
[1431/1447] ANDROID CC build/android/guest/obj/port/android/guest/runtime/guest_misc.o
[1432/1447] ANDROID CC build/android/guest/obj/port/third_party/musl-math/src/pow_data.o
[1433/1447] ANDROID CC build/android/guest/obj/port/android/guest/runtime/guest_sdl.o
[1434/1447] ANDROID CC build/android/guest/obj/port/android/guest/runtime/guest_thread.o
In file included from port/android/guest/runtime/guest_thread.c:20:
build/android/third_party/musl-1.2.5/src/internal/stdio_impl.h:70:16: warning: target does not support 'protected' visibility; using 'default' [-Wunsupported-visibility]
   70 | __attribute__((visibility("protected")))
      |                ^
build/android/third_party/musl-1.2.5/src/internal/stdio_impl.h:70:16: warning: target does not support 'protected' visibility; using 'default' [-Wunsupported-visibility]
port/android/guest/runtime/guest_thread.c:46:9: warning: 'DEFAULT_STACK_SIZE' macro redefined [-Wmacro-redefined]
   46 | #define DEFAULT_STACK_SIZE (1024 * 1024)
      |         ^
build/android/third_party/musl-1.2.5/src/internal/pthread_impl.h:197:9: note: previous definition is here
  197 | #define DEFAULT_STACK_SIZE 131072
      |         ^
3 warnings generated.
[1435/1447] ANDROID CC build/android/guest/obj/guest/gen/guest_posix.o
[1436/1447] ANDROID CC build/android/guest/obj/port/linux/src/d3d8_gl.o
[1437/1447] ANDROID CC build/android/guest/obj/guest/gen/guest_gl.o
[1438/1447] ANDROID CC build/android/guest/obj/port/linux/game/menu_functions.o
[1439/1447] ANDROID CC build/android/guest/obj/port/linux/src/p2p.o
[1440/1447] ANDROID CC build/android/guest/obj/port/third_party/tomlc17/tomlc17.o
[1441/1447] ANDROID CC build/android/guest/obj/source/units/units.o
[1442/1447] ANDROID CC build/android/guest/obj/port/linux/src/text_hires.o
[1443/1447] ANDROID CC build/android/guest/obj/port/third_party/expat/xmlparse.o
[1444/1447] ANDROID CC build/android/guest/obj/port/third_party/expat/xmltok.o
[1445/1447] ANDROID CC build/android/guest/obj/guest/gen/hud_hires_assets.o
[1446/1447] ANDROID LINK build/android/halo_guest.elf
[1447/1447] ANDROID STAGE build/android/assets/halo_guest.elf
Note: Some input files use or override a deprecated API.
Note: Recompile with -Xlint:deprecation for details.
